Handle,Title,Body (HTML),Vendor,Product Category,Type,Tags,Published,Option1 Name,Option1 Value,Option1 Linked To,Option2 Name,Option2 Value,Option2 Linked To,Option3 Name,Option3 Value,Option3 Linked To,Variant SKU,Variant Grams,Variant Inventory Tracker,Variant Inventory Qty,Variant Inventory Policy,Variant Fulfillment Service,Variant Price,Variant Compare At Price,Variant Requires Shipping,Variant Taxable,Unit Price Total Measure,Unit Price Total Measure Unit,Unit Price Base Measure,Unit Price Base Measure Unit,Variant Barcode,Image Src,Image Position,Image Alt Text,Gift Card,SEO Title,SEO Description,Age group (product.metafields.shopify.age-group),Bag/Case features (product.metafields.shopify.bag-case-features),Bag/Case material (product.metafields.shopify.bag-case-material),Bag/Case storage features (product.metafields.shopify.bag-case-storage-features),Carry options (product.metafields.shopify.carry-options),Color (product.metafields.shopify.color-pattern),Target gender (product.metafields.shopify.target-gender),Variant Image,Variant Weight Unit,Variant Tax Code,Cost per item,Status
calvium-vector-transit,Calvium Vector Transit,"<p>The Calvium Vector Transit Backpack is a modern and versatile backpack designed for travel, work, and everyday commuting. Its spacious multi-compartment interior provides organized storage for a laptop, tablet, clothes, documents, chargers, and other daily essentials. Multiple zippered pockets offer convenient access to smaller belongings, while adjustable side straps help maintain a compact and secure profile. The padded shoulder straps, breathable mesh back panel, and chest support strap provide enhanced comfort during extended use. Built with a sleek, lightweight design and practical organization, this backpack is an ideal companion for business trips, college, office commutes, weekend travel, and daily adventures. CODES COLOUR QUANTITY</p>
<h3>Dimensions</h3>
<ul>Height - 43cm Width - 32cm Base - 12cm</ul>",Calvium,"Apparel & Accessories > Handbags, Wallets & Cases > Handbags > Barrel Bags",Unisex Crossbody Bag,"On the Move, Unisex Crossbody Bag, New Arrivals, color-group:vector-transit",true,,,,,,,,,,,0.0,shopify,15,deny,manual,4200.00,,true,true,,,,,,https://cdn.shopify.com/s/files/1/0958/3106/4948/files/4_323ad305-a7d0-4c32-aeab-a17d4040c203.png?v=1770628215,1,,false,,,,,,,,,,,kg,,,active
calvium-vector-transit,,,,,,,,,,,,,,,,,,,,,,,,,,,,,,,,https://cdn.shopify.com/s/files/1/0958/3106/4948/files/2_7ff9f970-7e09-4a76-8ba9-25bab630297e.png?v=1770628215,2,,,,,,,,,,,,,,,,
calvium-vector-transit,,,,,,,,,,,,,,,,,,,,,,,,,,,,,,,,https://cdn.shopify.com/s/files/1/0958/3106/4948/files/04_ddfbef6c-2eb8-4376-bed8-b4eb2d1bd2d9.jpg?v=1770628215,3,,,,,,,,,,,,,,,,
calvium-vector-transit,,,,,,,,,,,,,,,,,,,,,,,,,,,,,,,,https://cdn.shopify.com/s/files/1/0958/3106/4948/files/5_7fb72b6d-04ce-44ab-8995-6221ab9b796a.jpg?v=1769754669,4,,,,,,,,,,,,,,,,
calvium-vector-transit,,,,,,,,,,,,,,,,,,,,,,,,,,,,,,,,https://cdn.shopify.com/s/files/1/0958/3106/4948/files/01_51638db8-990d-4fae-8ded-323b2a6a4ce0.jpg?v=1769754669,5,,,,,,,,,,,,,,,,
calvium-vector-transit,,,,,,,,,,,,,,,,,,,,,,,,,,,,,,,,https://cdn.shopify.com/s/files/1/0958/3106/4948/files/1_6e67cc6b-7ebe-4eff-88a6-a34c9848a950.png?v=1769754669,6,,,,,,,,,,,,,,,,
calvium-vector-transit,,,,,,,,,,,,,,,,,,,,,,,,,,,,,,,,https://cdn.shopify.com/s/files/1/0958/3106/4948/files/02_ababadf2-a542-4cff-827d-d4fa784b4496.jpg?v=1769754669,7,,,,,,,,,,,,,,,,
calvium-vector-transit,,,,,,,,,,,,,,,,,,,,,,,,,,,,,,,,https://cdn.shopify.com/s/files/1/0958/3106/4948/files/03_b5d46b1f-9960-46f3-940b-8d2da86b7f83.jpg?v=1769754638,8,,,,,,,,,,,,,,,,
calvium-vector-transit,,,,,,,,,,,,,,,,,,,,,,,,,,,,,,,,https://cdn.shopify.com/s/files/1/0958/3106/4948/files/3_8b1cd287-b107-4d07-8abd-d3d9afe2d2bc.png?v=1769754638,9,,,,,,,,,,,,,,,,
calvium-fluit-forest-green,Calvium Fluit | Forest Green,"<p>The Calvium Fluit Handbag combines elegant design with everyday functionality, making it a stylish choice for modern women. Its structured silhouette, smooth finish, curved flap design, and refined top handle create a sophisticated and timeless appearance. The spacious interior provides convenient storage for essentials such as a smartphone, wallet, cosmetics, keys, and other personal items. A detachable and adjustable shoulder strap offers versatile carrying options, allowing the bag to be worn by hand, over the shoulder, or crossbody. Perfect for work, shopping, dinners, travel, and casual outings, this elegant handbag effortlessly complements both contemporary and classic wardrobes.</p>
<h3>Dimensions</h3>
<ul><li><strong>Height:</strong> 13cm</li><li><strong>Width:</strong> 22cm</li><li><strong>base:</strong> 9cm</li></ul>",Calvium,"Apparel & Accessories > Handbags, Wallets & Cases > Handbags > Shoulder Bags",Hobo Shoulder Bag,"Everyday Icons, Hobo Shoulder Bag, New Arrivals, Color: Forest Green, color-group:fluit, color:forest-green",true,,,product.metafields.shopify.color-pattern,,,,,,,,0.0,shopify,15,deny,manual,4400.00,,true,true,,,,,,https://cdn.shopify.com/s/files/1/0958/3106/4948/files/01_13cb9974-00f9-4a0f-a8df-c79bf9f5a470.jpg?v=1769753138,1,Calvium Fluit | Forest Green,false,,,,,,,,green; tan; wine,,https://cdn.shopify.com/s/files/1/0958/3106/4948/files/01_13cb9974-00f9-4a0f-a8df-c79bf9f5a470.jpg?v=1769753138,kg,,,active
calvium-fluit-forest-green,,,,,,,,,,,,,,,,,,,,,,,,,,,,,,,,https://cdn.shopify.com/s/files/1/0958/3106/4948/files/02_d23e97b2-5e07-484b-a35e-79cc40abc2da.jpg?v=1769753190,2,Calvium Fluit | Forest Green,,,,,,,,,,,,,,,
calvium-fluit-forest-green,,,,,,,,,,,,,,,,,,,,,,,,,,,,,,,,https://cdn.shopify.com/s/files/1/0958/3106/4948/files/03_6e59bac5-ca61-4583-a437-e30c89e45a0e.jpg?v=1769753190,3,Calvium Fluit | Forest Green,,,,,,,,,,,,,,,
calvium-fluit-forest-green,,,,,,,,,,,,,,,,,,,,,,,,,,,,,,,,https://cdn.shopify.com/s/files/1/0958/3106/4948/files/04_ca6bcd28-6b12-4ad1-b078-621482b173a9.jpg?v=1769753190,4,Calvium Fluit | Forest Green,,,,,,,,,,,,,,,
calvium-fluit-forest-green,,,,,,,,,,,,,,,,,,,,,,,,,,,,,,,,https://cdn.shopify.com/s/files/1/0958/3106/4948/files/05_d18ec717-3f38-48a8-a1ae-efcbf4020c5d.jpg?v=1769753190,5,Calvium Fluit | Forest Green,,,,,,,,,,,,,,,
calvium-fluit-forest-green,,,,,,,,,,,,,,,,,,,,,,,,,,,,,,,,https://cdn.shopify.com/s/files/1/0958/3106/4948/files/06_3b416185-9e14-463c-9843-3a1dca0699dc.jpg?v=1769753190,6,Calvium Fluit | Forest Green,,,,,,,,,,,,,,,
calvium-fluit-cognac-tan,Calvium Fluit | Cognac Tan,"<p>The Calvium Fluit Handbag combines elegant design with everyday functionality, making it a stylish choice for modern women. Its structured silhouette, smooth finish, curved flap design, and refined top handle create a sophisticated and timeless appearance. The spacious interior provides convenient storage for essentials such as a smartphone, wallet, cosmetics, keys, and other personal items. A detachable and adjustable shoulder strap offers versatile carrying options, allowing the bag to be worn by hand, over the shoulder, or crossbody. Perfect for work, shopping, dinners, travel, and casual outings, this elegant handbag effortlessly complements both contemporary and classic wardrobes.</p>
<h3>Dimensions</h3>
<ul><li><strong>Height:</strong> 13cm</li><li><strong>Width:</strong> 22cm</li><li><strong>base:</strong> 9cm</li></ul>",,,Hobo Shoulder Bag,"Everyday Icons, Hobo Shoulder Bag, New Arrivals, Color: Cognac Tan, color-group:fluit, color:cognac-tan",,,,,,,,,,,,0.0,shopify,15,deny,manual,4400.00,,true,true,,,,,,https://cdn.shopify.com/s/files/1/0958/3106/4948/files/01_3d03e34f-cded-43b0-af34-2346f71599e1.jpg?v=1769753362,1,Calvium Fluit | Cognac Tan,,,,,,,,,,,https://cdn.shopify.com/s/files/1/0958/3106/4948/files/01_3d03e34f-cded-43b0-af34-2346f71599e1.jpg?v=1769753362,kg,,,active
calvium-fluit-cognac-tan,,,,,,,,,,,,,,,,,,,,,,,,,,,,,,,,https://cdn.shopify.com/s/files/1/0958/3106/4948/files/02_fb531dda-ee65-41ee-b8b6-715528ca2d19.jpg?v=1769753770,2,Calvium Fluit | Cognac Tan,,,,,,,,,,,,,,,
calvium-fluit-cognac-tan,,,,,,,,,,,,,,,,,,,,,,,,,,,,,,,,https://cdn.shopify.com/s/files/1/0958/3106/4948/files/03_8a40da9a-0c28-45de-8f83-0967a8a2ff86.jpg?v=1769753770,3,Calvium Fluit | Cognac Tan,,,,,,,,,,,,,,,
calvium-fluit-cognac-tan,,,,,,,,,,,,,,,,,,,,,,,,,,,,,,,,https://cdn.shopify.com/s/files/1/0958/3106/4948/files/04_4e281f2e-cd41-4f36-8b4d-16615d04101c.jpg?v=1769753770,4,Calvium Fluit | Cognac Tan,,,,,,,,,,,,,,,
calvium-fluit-cognac-tan,,,,,,,,,,,,,,,,,,,,,,,,,,,,,,,,https://cdn.shopify.com/s/files/1/0958/3106/4948/files/05_63d482e7-e17e-4463-9d7d-94b4453b88bf.jpg?v=1769753770,5,Calvium Fluit | Cognac Tan,,,,,,,,,,,,,,,
calvium-fluit-cognac-tan,,,,,,,,,,,,,,,,,,,,,,,,,,,,,,,,https://cdn.shopify.com/s/files/1/0958/3106/4948/files/06_cf5b3158-1a63-4536-8b39-c1b85c42cf59.jpg?v=1769753770,6,Calvium Fluit | Cognac Tan,,,,,,,,,,,,,,,
calvium-fluit-bordeaux,Calvium Fluit | Bordeaux,"<p>The Calvium Fluit Handbag combines elegant design with everyday functionality, making it a stylish choice for modern women. Its structured silhouette, smooth finish, curved flap design, and refined top handle create a sophisticated and timeless appearance. The spacious interior provides convenient storage for essentials such as a smartphone, wallet, cosmetics, keys, and other personal items. A detachable and adjustable shoulder strap offers versatile carrying options, allowing the bag to be worn by hand, over the shoulder, or crossbody. Perfect for work, shopping, dinners, travel, and casual outings, this elegant handbag effortlessly complements both contemporary and classic wardrobes.</p>
<h3>Dimensions</h3>
<ul><li><strong>Height:</strong> 13cm</li><li><strong>Width:</strong> 22cm</li><li><strong>base:</strong> 9cm</li></ul>",,,Hobo Shoulder Bag,"Everyday Icons, Hobo Shoulder Bag, New Arrivals, Color: Bordeaux, color-group:fluit, color:bordeaux",,,,,,,,,,,,0.0,shopify,15,deny,manual,4400.00,,true,true,,,,,,https://cdn.shopify.com/s/files/1/0958/3106/4948/files/01_d935c23c-4b8a-489a-baec-d94cb7fd5f3a.jpg?v=1769753895,1,Calvium Fluit | Bordeaux,,,,,,,,,,,https://cdn.shopify.com/s/files/1/0958/3106/4948/files/01_d935c23c-4b8a-489a-baec-d94cb7fd5f3a.jpg?v=1769753895,kg,,,active
calvium-fluit-bordeaux,,,,,,,,,,,,,,,,,,,,,,,,,,,,,,,,https://cdn.shopify.com/s/files/1/0958/3106/4948/files/06_9a72c84a-f334-4534-b546-0c1f0bae35fe.jpg?v=1769753942,2,Calvium Fluit | Bordeaux,,,,,,,,,,,,,,,
calvium-fluit-bordeaux,,,,,,,,,,,,,,,,,,,,,,,,,,,,,,,,https://cdn.shopify.com/s/files/1/0958/3106/4948/files/02_6cb38173-3c92-463e-b68b-40d45fe57111.jpg?v=1769753942,3,Calvium Fluit | Bordeaux,,,,,,,,,,,,,,,
calvium-fluit-bordeaux,,,,,,,,,,,,,,,,,,,,,,,,,,,,,,,,https://cdn.shopify.com/s/files/1/0958/3106/4948/files/03_15ff74d4-d273-4891-86b6-02fa847d6632.jpg?v=1769753942,4,Calvium Fluit | Bordeaux,,,,,,,,,,,,,,,
calvium-fluit-bordeaux,,,,,,,,,,,,,,,,,,,,,,,,,,,,,,,,https://cdn.shopify.com/s/files/1/0958/3106/4948/files/04_928fecb6-fb93-4795-9ef8-ca5a97f96e42.jpg?v=1769753942,5,Calvium Fluit | Bordeaux,,,,,,,,,,,,,,,
calvium-fluit-bordeaux,,,,,,,,,,,,,,,,,,,,,,,,,,,,,,,,https://cdn.shopify.com/s/files/1/0958/3106/4948/files/05_7d52010c-ca52-4073-a5bf-b22911efa0c6.jpg?v=1769753942,6,Calvium Fluit | Bordeaux,,,,,,,,,,,,,,,
calvium-cubus-havana-brown,Calvium Cubus | Havana Brown,"<p>The Calvium Cubus Mini Bag is a compact and elegant handbag designed for women who appreciate timeless style and everyday functionality. Its structured silhouette, smooth finish, and antique-tone metal hardware create a sophisticated premium appearance. Despite its mini size, the spacious interior provides convenient storage for essentials such as a smartphone, wallet, cosmetics, keys, and other small accessories. The sturdy dual top handles allow comfortable hand carrying, while the adjustable and detachable shoulder strap offers versatile crossbody or shoulder styling. Perfect for shopping, casual outings, dinners, parties, and travel, this mini bag effortlessly complements modern and classic wardrobes.</p>
<h3>Dimensions</h3>
<ul><li><strong>Height:</strong> 12cm</li><li><strong>Width:</strong> 17cm</li><li><strong>Base:</strong> 8cm</li></ul>",Calvium,"Apparel & Accessories > Handbags, Wallets & Cases > Handbags > Cross Body Bags",Box Bag,"Day to Night, Box Bag, New Arrivals, Color: Havana Brown, color-group:cubus, color:havana-brown",true,,,product.metafields.shopify.color-pattern,,,,,,,,0.0,shopify,15,deny,manual,4200.00,,true,true,,,,,,https://cdn.shopify.com/s/files/1/0958/3106/4948/files/01_9e26dee7-2d1e-42cc-91a5-455caad26532.jpg?v=1769752058,1,Calvium Cubus | Havana Brown,false,,,,,,,,brown; green,,https://cdn.shopify.com/s/files/1/0958/3106/4948/files/01_9e26dee7-2d1e-42cc-91a5-455caad26532.jpg?v=1769752058,kg,,,active
calvium-cubus-havana-brown,,,,,,,,,,,,,,,,,,,,,,,,,,,,,,,,https://cdn.shopify.com/s/files/1/0958/3106/4948/files/02_c161a979-df2f-4150-9cfd-a5b87128f340.jpg?v=1769752097,2,Calvium Cubus | Havana Brown,,,,,,,,,,,,,,,
calvium-cubus-havana-brown,,,,,,,,,,,,,,,,,,,,,,,,,,,,,,,,https://cdn.shopify.com/s/files/1/0958/3106/4948/files/03_58ec3152-941c-4265-880d-594a87a94fc8.jpg?v=1769752097,3,Calvium Cubus | Havana Brown,,,,,,,,,,,,,,,
calvium-cubus-havana-brown,,,,,,,,,,,,,,,,,,,,,,,,,,,,,,,,https://cdn.shopify.com/s/files/1/0958/3106/4948/files/04_4b327af1-e4b4-4f1b-abc1-fda8ee0bdc51.jpg?v=1769752097,4,Calvium Cubus | Havana Brown,,,,,,,,,,,,,,,
calvium-cubus-havana-brown,,,,,,,,,,,,,,,,,,,,,,,,,,,,,,,,https://cdn.shopify.com/s/files/1/0958/3106/4948/files/05_d18d6b85-3e3a-4d8b-9a5c-9332d19744c9.jpg?v=1769752097,5,Calvium Cubus | Havana Brown,,,,,,,,,,,,,,,
calvium-cubus-havana-brown,,,,,,,,,,,,,,,,,,,,,,,,,,,,,,,,https://cdn.shopify.com/s/files/1/0958/3106/4948/files/06_14c65adc-8bb8-499d-b3c3-5480ca1ffa00.jpg?v=1769752097,6,Calvium Cubus | Havana Brown,,,,,,,,,,,,,,,
calvium-cubus-forest-green,Calvium Cubus | Forest Green,"<p>The Calvium Cubus Mini Bag is a compact and elegant handbag designed for women who appreciate timeless style and everyday functionality. Its structured silhouette, smooth finish, and antique-tone metal hardware create a sophisticated premium appearance. Despite its mini size, the spacious interior provides convenient storage for essentials such as a smartphone, wallet, cosmetics, keys, and other small accessories. The sturdy dual top handles allow comfortable hand carrying, while the adjustable and detachable shoulder strap offers versatile crossbody or shoulder styling. Perfect for shopping, casual outings, dinners, parties, and travel, this mini bag effortlessly complements modern and classic wardrobes.</p>
<h3>Dimensions</h3>
<ul><li><strong>Height:</strong> 12cm</li><li><strong>Width:</strong> 17cm</li><li><strong>Base:</strong> 8cm</li></ul>",,,Box Bag,"Day to Night, Box Bag, New Arrivals, Color: Forest Green, color-group:cubus, color:forest-green",,,,,,,,,,,,0.0,shopify,14,deny,manual,4200.00,,true,true,,,,,,https://cdn.shopify.com/s/files/1/0958/3106/4948/files/02_c161a979-df2f-4150-9cfd-a5b87128f340.jpg?v=1769752097,1,Calvium Cubus | Forest Green,,,,,,,,,,,https://cdn.shopify.com/s/files/1/0958/3106/4948/files/01_873a9033-7c20-422b-a2a3-63fb773a53d2.jpg?v=1769752178,kg,,,active
calvium-delta-forest-green,Calvium Delta | Forest Green,"<p>The Calvium Delta Handbag combines contemporary elegance, practical storage, and versatile carrying options for modern everyday use. Designed with a refined structured silhouette, comfortable top handle, and distinctive metal closure, it delivers a sophisticated and premium appearance. The spacious interior provides room for your smartphone, wallet, cosmetics, sunglasses, keys, and other daily essentials. It includes a removable zippered pouch for secure organization and an adjustable detachable shoulder strap for comfortable hands-free carrying. Protective metal feet enhance durability and stability. Perfect for work, shopping, travel, and casual outings, this stylish handbag complements both professional and everyday wardrobes effortlessly.</p>
<h3>Dimensions</h3>
<ul><li><strong>Height:</strong> 21cm</li><li><strong>Width:</strong> 26cm</li><li><strong>Base:</strong> 10cm</li></ul>",Calvium,"Apparel & Accessories > Handbags, Wallets & Cases > Handbags > Bucket Bags",Bucket Bag,"Everyday Icons, Bucket Bag, New Arrivals, Color: Forest Green, color-group:delta, color:forest-green",true,,,product.metafields.shopify.color-pattern,,,,,,,,0.0,shopify,15,deny,manual,3600.00,,true,true,,,,,,https://cdn.shopify.com/s/files/1/0958/3106/4948/files/01_16601035-998f-4c0a-8c26-77ba3fc173c4.jpg?v=1769751159,1,Calvium Delta | Forest Green,false,,,,,,,,green; mud; tan,,https://cdn.shopify.com/s/files/1/0958/3106/4948/files/01_16601035-998f-4c0a-8c26-77ba3fc173c4.jpg?v=1769751159,kg,,,active
calvium-delta-forest-green,,,,,,,,,,,,,,,,,,,,,,,,,,,,,,,,https://cdn.shopify.com/s/files/1/0958/3106/4948/files/02_7b6afbcd-49e1-4d13-86be-11d093a0460c.jpg?v=1769751219,2,Calvium Delta | Forest Green,,,,,,,,,,,,,,,
calvium-delta-forest-green,,,,,,,,,,,,,,,,,,,,,,,,,,,,,,,,https://cdn.shopify.com/s/files/1/0958/3106/4948/files/03_8bae6265-fd25-4d63-9c8b-7e34716b849e.jpg?v=1769751219,3,Calvium Delta | Forest Green,,,,,,,,,,,,,,,
calvium-delta-forest-green,,,,,,,,,,,,,,,,,,,,,,,,,,,,,,,,https://cdn.shopify.com/s/files/1/0958/3106/4948/files/04_61b7539f-9b9e-4926-9e32-5d154190de03.jpg?v=1769751219,4,Calvium Delta | Forest Green,,,,,,,,,,,,,,,
calvium-delta-forest-green,,,,,,,,,,,,,,,,,,,,,,,,,,,,,,,,https://cdn.shopify.com/s/files/1/0958/3106/4948/files/05_39f84eac-1067-4138-9382-dede78b71119.jpg?v=1769751219,5,Calvium Delta | Forest Green,,,,,,,,,,,,,,,
calvium-delta-forest-green,,,,,,,,,,,,,,,,,,,,,,,,,,,,,,,,https://cdn.shopify.com/s/files/1/0958/3106/4948/files/06_cfd69dca-9fd1-41bb-81c2-35ceadb96d4b.jpg?v=1769751218,6,Calvium Delta | Forest Green,,,,,,,,,,,,,,,
calvium-delta-river-clay,Calvium Delta | River Clay,"<p>The Calvium Delta Handbag combines contemporary elegance, practical storage, and versatile carrying options for modern everyday use. Designed with a refined structured silhouette, comfortable top handle, and distinctive metal closure, it delivers a sophisticated and premium appearance. The spacious interior provides room for your smartphone, wallet, cosmetics, sunglasses, keys, and other daily essentials. It includes a removable zippered pouch for secure organization and an adjustable detachable shoulder strap for comfortable hands-free carrying. Protective metal feet enhance durability and stability. Perfect for work, shopping, travel, and casual outings, this stylish handbag complements both professional and everyday wardrobes effortlessly.</p>
<h3>Dimensions</h3>
<ul><li><strong>Height:</strong> 21cm</li><li><strong>Width:</strong> 26cm</li><li><strong>Base:</strong> 10cm</li></ul>",,,Bucket Bag,"Everyday Icons, Bucket Bag, New Arrivals, Color: River Clay, color-group:delta, color:river-clay",,,,,,,,,,,,0.0,shopify,15,deny,manual,3600.00,,true,true,,,,,,https://cdn.shopify.com/s/files/1/0958/3106/4948/files/01_f9b4da20-3d71-4c81-a114-fee5b3c2d7a5.jpg?v=1769751351,1,Calvium Delta | River Clay,,,,,,,,,,,https://cdn.shopify.com/s/files/1/0958/3106/4948/files/01_f9b4da20-3d71-4c81-a114-fee5b3c2d7a5.jpg?v=1769751351,kg,,,active
calvium-delta-river-clay,,,,,,,,,,,,,,,,,,,,,,,,,,,,,,,,https://cdn.shopify.com/s/files/1/0958/3106/4948/files/02_344800d9-58e6-4bc3-9fb0-4b098ddd2ac6.jpg?v=1769751382,2,Calvium Delta | River Clay,,,,,,,,,,,,,,,
calvium-delta-river-clay,,,,,,,,,,,,,,,,,,,,,,,,,,,,,,,,https://cdn.shopify.com/s/files/1/0958/3106/4948/files/03_7aa49680-5379-4a69-9586-a9ec95b6e320.jpg?v=1769751382,3,Calvium Delta | River Clay,,,,,,,,,,,,,,,
calvium-delta-river-clay,,,,,,,,,,,,,,,,,,,,,,,,,,,,,,,,https://cdn.shopify.com/s/files/1/0958/3106/4948/files/04_bbe67eaa-7d9e-45f9-a9fc-5177dddb48a5.jpg?v=1769751382,4,Calvium Delta | River Clay,,,,,,,,,,,,,,,
calvium-delta-river-clay,,,,,,,,,,,,,,,,,,,,,,,,,,,,,,,,https://cdn.shopify.com/s/files/1/0958/3106/4948/files/05_6ebd27a6-230b-4c60-9524-3d268361ab31.jpg?v=1769751382,5,Calvium Delta | River Clay,,,,,,,,,,,,,,,
calvium-delta-river-clay,,,,,,,,,,,,,,,,,,,,,,,,,,,,,,,,https://cdn.shopify.com/s/files/1/0958/3106/4948/files/06_9c1fefe5-21ef-4c82-a305-c2b9cfe2a42d.jpg?v=1769751382,6,Calvium Delta | River Clay,,,,,,,,,,,,,,,
calvium-delta-cognac-tan,Calvium Delta | Cognac Tan,"<p>The Calvium Delta Handbag combines contemporary elegance, practical storage, and versatile carrying options for modern everyday use. Designed with a refined structured silhouette, comfortable top handle, and distinctive metal closure, it delivers a sophisticated and premium appearance. The spacious interior provides room for your smartphone, wallet, cosmetics, sunglasses, keys, and other daily essentials. It includes a removable zippered pouch for secure organization and an adjustable detachable shoulder strap for comfortable hands-free carrying. Protective metal feet enhance durability and stability. Perfect for work, shopping, travel, and casual outings, this stylish handbag complements both professional and everyday wardrobes effortlessly.</p>
<h3>Dimensions</h3>
<ul><li><strong>Height:</strong> 21cm</li><li><strong>Width:</strong> 26cm</li><li><strong>Base:</strong> 10cm</li></ul>",,,Bucket Bag,"Everyday Icons, Bucket Bag, New Arrivals, Color: Cognac Tan, color-group:delta, color:cognac-tan",,,,,,,,,,,,0.0,shopify,15,deny,manual,3600.00,,true,true,,,,,,https://cdn.shopify.com/s/files/1/0958/3106/4948/files/01_90b6faa6-746c-42cf-acf0-51f16353712f.jpg?v=1769751606,1,Calvium Delta | Cognac Tan,,,,,,,,,,,https://cdn.shopify.com/s/files/1/0958/3106/4948/files/01_90b6faa6-746c-42cf-acf0-51f16353712f.jpg?v=1769751606,kg,,,active
calvium-delta-cognac-tan,,,,,,,,,,,,,,,,,,,,,,,,,,,,,,,,https://cdn.shopify.com/s/files/1/0958/3106/4948/files/02_32553183-23f0-40cc-ac24-938efa0731ba.jpg?v=1769751651,2,Calvium Delta | Cognac Tan,,,,,,,,,,,,,,,
calvium-delta-cognac-tan,,,,,,,,,,,,,,,,,,,,,,,,,,,,,,,,https://cdn.shopify.com/s/files/1/0958/3106/4948/files/03_dd42c552-952d-4980-8a5a-7e59e79270d8.jpg?v=1769751651,3,Calvium Delta | Cognac Tan,,,,,,,,,,,,,,,
calvium-delta-cognac-tan,,,,,,,,,,,,,,,,,,,,,,,,,,,,,,,,https://cdn.shopify.com/s/files/1/0958/3106/4948/files/04_d41d9fdd-b9ac-405b-8de7-972546c1a95d.jpg?v=1769751651,4,Calvium Delta | Cognac Tan,,,,,,,,,,,,,,,
calvium-delta-cognac-tan,,,,,,,,,,,,,,,,,,,,,,,,,,,,,,,,https://cdn.shopify.com/s/files/1/0958/3106/4948/files/05_604671d8-081a-48fa-9480-30e2a4ddc277.jpg?v=1769751651,5,Calvium Delta | Cognac Tan,,,,,,,,,,,,,,,
calvium-delta-cognac-tan,,,,,,,,,,,,,,,,,,,,,,,,,,,,,,,,https://cdn.shopify.com/s/files/1/0958/3106/4948/files/06_2676e0a5-3b69-461c-ab3b-0c7ffb05895b.jpg?v=1769751651,6,Calvium Delta | Cognac Tan,,,,,,,,,,,,,,,
calvium-magna-midnight-black,Calvium Magna | Midnight Black,"<p>The Calvium Magna Tote Bag combines timeless elegance, generous storage, and everyday versatility. Designed with a clean, structured silhouette and comfortable long handles, this spacious tote is perfect for work, shopping, travel, and daily use. The roomy interior provides ample space for books, a tablet, wallet, cosmetics, water bottle, and other essentials. It includes a removable zippered inner pouch for secure storage and convenient organization. Protective metal feet help keep the base elevated from surfaces. Crafted with refined finishing and a minimalist aesthetic, this sophisticated tote bag effortlessly complements professional, casual, and travel outfits while offering practical functionality.</p>
<h3>Dimensions</h3>
<ul><li><strong>Height:</strong> 29cm</li><li><strong>Width:</strong> 40cm</li><li><strong>Base:</strong> 13cm</li></ul>",Calvium,"Apparel & Accessories > Handbags, Wallets & Cases > Handbags > Shopper Bags",Slouch Shoulder Bag,"Everyday Icons, Slouch Shoulder Bag, New Arrivals, Color: Midnight Black, color-group:magna, color:midnight-black",true,,,product.metafields.shopify.color-pattern,,,,,,,,0.0,shopify,15,deny,manual,3800.00,,true,true,,,,,,https://cdn.shopify.com/s/files/1/0958/3106/4948/files/01_0f5bc9d0-e9de-4d05-b016-bc3e4dc3b692.jpg?v=1769750409,1,Calvium Magna | Midnight Black,false,,,,,,,,black; khaki; mud; tan,,https://cdn.shopify.com/s/files/1/0958/3106/4948/files/01_0f5bc9d0-e9de-4d05-b016-bc3e4dc3b692.jpg?v=1769750409,kg,,,active
calvium-magna-midnight-black,,,,,,,,,,,,,,,,,,,,,,,,,,,,,,,,https://cdn.shopify.com/s/files/1/0958/3106/4948/files/02_6d210b8e-444f-4256-9011-d7f8f500d50d.jpg?v=1769750429,2,Calvium Magna | Midnight Black,,,,,,,,,,,,,,,
calvium-magna-midnight-black,,,,,,,,,,,,,,,,,,,,,,,,,,,,,,,,https://cdn.shopify.com/s/files/1/0958/3106/4948/files/03_e2935f1d-8410-4100-b341-e164b263b25f.jpg?v=1769750429,3,Calvium Magna | Midnight Black,,,,,,,,,,,,,,,
calvium-magna-midnight-black,,,,,,,,,,,,,,,,,,,,,,,,,,,,,,,,https://cdn.shopify.com/s/files/1/0958/3106/4948/files/04_a2d41726-f643-47af-9548-4a45c1018fc2.jpg?v=1769750429,4,Calvium Magna | Midnight Black,,,,,,,,,,,,,,,
calvium-magna-midnight-black,,,,,,,,,,,,,,,,,,,,,,,,,,,,,,,,https://cdn.shopify.com/s/files/1/0958/3106/4948/files/05_c31cdd20-2ac0-4930-b32f-2dba097b2a88.jpg?v=1769750429,5,Calvium Magna | Midnight Black,,,,,,,,,,,,,,,
calvium-magna-midnight-black,,,,,,,,,,,,,,,,,,,,,,,,,,,,,,,,https://cdn.shopify.com/s/files/1/0958/3106/4948/files/06_077bc050-6db1-4c3f-8972-f5de62f2b9c6.jpg?v=1769750429,6,Calvium Magna | Midnight Black,,,,,,,,,,,,,,,
calvium-magna-midnight-black,,,,,,,,,,,,,,,,,,,,,,,,,,,,,,,,https://cdn.shopify.com/s/files/1/0958/3106/4948/files/07_db6c47c4-4b9f-427d-ba39-6e3c2d63be86.jpg?v=1769750429,7,Calvium Magna | Midnight Black,,,,,,,,,,,,,,,
calvium-magna-golden-khaki,Calvium Magna | Golden Khaki,"<p>The Calvium Magna Tote Bag combines timeless elegance, generous storage, and everyday versatility. Designed with a clean, structured silhouette and comfortable long handles, this spacious tote is perfect for work, shopping, travel, and daily use. The roomy interior provides ample space for books, a tablet, wallet, cosmetics, water bottle, and other essentials. It includes a removable zippered inner pouch for secure storage and convenient organization. Protective metal feet help keep the base elevated from surfaces. Crafted with refined finishing and a minimalist aesthetic, this sophisticated tote bag effortlessly complements professional, casual, and travel outfits while offering practical functionality.</p>
<h3>Dimensions</h3>
<ul><li><strong>Height:</strong> 29cm</li><li><strong>Width:</strong> 40cm</li><li><strong>Base:</strong> 13cm</li></ul>",,,Slouch Shoulder Bag,"Everyday Icons, Slouch Shoulder Bag, New Arrivals, Color: Golden Khaki, color-group:magna, color:golden-khaki",,,,,,,,,,,,0.0,shopify,15,deny,manual,3800.00,,true,true,,,,,,https://cdn.shopify.com/s/files/1/0958/3106/4948/files/01_0ebf6aa1-7b21-4ee1-8847-4eea680ed463.jpg?v=1769750541,1,Calvium Magna | Golden Khaki,,,,,,,,,,,https://cdn.shopify.com/s/files/1/0958/3106/4948/files/01_0ebf6aa1-7b21-4ee1-8847-4eea680ed463.jpg?v=1769750541,kg,,,active
calvium-magna-golden-khaki,,,,,,,,,,,,,,,,,,,,,,,,,,,,,,,,https://cdn.shopify.com/s/files/1/0958/3106/4948/files/02_774d62d5-c825-4754-ab4e-ff64a4978d5f.jpg?v=1769750579,2,Calvium Magna | Golden Khaki,,,,,,,,,,,,,,,
calvium-magna-golden-khaki,,,,,,,,,,,,,,,,,,,,,,,,,,,,,,,,https://cdn.shopify.com/s/files/1/0958/3106/4948/files/03_d2230691-40eb-4cec-a5b3-f38c2875521f.jpg?v=1769750579,3,Calvium Magna | Golden Khaki,,,,,,,,,,,,,,,
calvium-magna-golden-khaki,,,,,,,,,,,,,,,,,,,,,,,,,,,,,,,,https://cdn.shopify.com/s/files/1/0958/3106/4948/files/04_6fcc107a-876a-401d-9fa4-9e48bc52bc58.jpg?v=1769750579,4,Calvium Magna | Golden Khaki,,,,,,,,,,,,,,,
calvium-magna-golden-khaki,,,,,,,,,,,,,,,,,,,,,,,,,,,,,,,,https://cdn.shopify.com/s/files/1/0958/3106/4948/files/05_3d2268e9-c257-4227-8956-ef999a6943d3.jpg?v=1769750579,5,Calvium Magna | Golden Khaki,,,,,,,,,,,,,,,
calvium-magna-golden-khaki,,,,,,,,,,,,,,,,,,,,,,,,,,,,,,,,https://cdn.shopify.com/s/files/1/0958/3106/4948/files/06_2c5af1c2-aa8d-4e88-afac-720e34c6f792.jpg?v=1769750579,6,Calvium Magna | Golden Khaki,,,,,,,,,,,,,,,
calvium-magna-river-clay,Calvium Magna | River Clay,"<p>The Calvium Magna Tote Bag combines timeless elegance, generous storage, and everyday versatility. Designed with a clean, structured silhouette and comfortable long handles, this spacious tote is perfect for work, shopping, travel, and daily use. The roomy interior provides ample space for books, a tablet, wallet, cosmetics, water bottle, and other essentials. It includes a removable zippered inner pouch for secure storage and convenient organization. Protective metal feet help keep the base elevated from surfaces. Crafted with refined finishing and a minimalist aesthetic, this sophisticated tote bag effortlessly complements professional, casual, and travel outfits while offering practical functionality.</p>
<h3>Dimensions</h3>
<ul><li><strong>Height:</strong> 29cm</li><li><strong>Width:</strong> 40cm</li><li><strong>Base:</strong> 13cm</li></ul>",,,Slouch Shoulder Bag,"Everyday Icons, Slouch Shoulder Bag, New Arrivals, Color: River Clay, color-group:magna, color:river-clay",,,,,,,,,,,,0.0,shopify,15,deny,manual,3800.00,,true,true,,,,,,https://cdn.shopify.com/s/files/1/0958/3106/4948/files/01_83868e79-210b-4c69-a9b4-6f545e191e20.jpg?v=1769750656,1,Calvium Magna | River Clay,,,,,,,,,,,https://cdn.shopify.com/s/files/1/0958/3106/4948/files/01_83868e79-210b-4c69-a9b4-6f545e191e20.jpg?v=1769750656,kg,,,active
calvium-magna-river-clay,,,,,,,,,,,,,,,,,,,,,,,,,,,,,,,,https://cdn.shopify.com/s/files/1/0958/3106/4948/files/02_b29180f5-9bdf-4969-bea7-20c97e8fd55a.jpg?v=1769750696,2,Calvium Magna | River Clay,,,,,,,,,,,,,,,
calvium-magna-river-clay,,,,,,,,,,,,,,,,,,,,,,,,,,,,,,,,https://cdn.shopify.com/s/files/1/0958/3106/4948/files/03_9fd7cdfd-cd45-474f-a9c8-1c690e8429d7.jpg?v=1769750696,3,Calvium Magna | River Clay,,,,,,,,,,,,,,,
calvium-magna-river-clay,,,,,,,,,,,,,,,,,,,,,,,,,,,,,,,,https://cdn.shopify.com/s/files/1/0958/3106/4948/files/04_3dff50dc-2483-4c10-a37b-0fae07c9c00a.jpg?v=1769750696,4,Calvium Magna | River Clay,,,,,,,,,,,,,,,
calvium-magna-river-clay,,,,,,,,,,,,,,,,,,,,,,,,,,,,,,,,https://cdn.shopify.com/s/files/1/0958/3106/4948/files/05_2775b501-7392-41ba-8e5b-ee8c78cf93ed.jpg?v=1769750696,5,Calvium Magna | River Clay,,,,,,,,,,,,,,,
calvium-magna-river-clay,,,,,,,,,,,,,,,,,,,,,,,,,,,,,,,,https://cdn.shopify.com/s/files/1/0958/3106/4948/files/06_9eba3300-51cc-42f7-acf6-c16aafc78634.jpg?v=1769750696,6,Calvium Magna | River Clay,,,,,,,,,,,,,,,
calvium-magna-cognac-tan,Calvium Magna | Cognac Tan,"<p>The Calvium Magna Tote Bag combines timeless elegance, generous storage, and everyday versatility. Designed with a clean, structured silhouette and comfortable long handles, this spacious tote is perfect for work, shopping, travel, and daily use. The roomy interior provides ample space for books, a tablet, wallet, cosmetics, water bottle, and other essentials. It includes a removable zippered inner pouch for secure storage and convenient organization. Protective metal feet help keep the base elevated from surfaces. Crafted with refined finishing and a minimalist aesthetic, this sophisticated tote bag effortlessly complements professional, casual, and travel outfits while offering practical functionality.</p>
<h3>Dimensions</h3>
<ul><li><strong>Height:</strong> 29cm</li><li><strong>Width:</strong> 40cm</li><li><strong>Base:</strong> 13cm</li></ul>",,,Slouch Shoulder Bag,"Everyday Icons, Slouch Shoulder Bag, New Arrivals, Color: Cognac Tan, color-group:magna, color:cognac-tan",,,,,,,,,,,,0.0,shopify,15,deny,manual,3800.00,,true,true,,,,,,https://cdn.shopify.com/s/files/1/0958/3106/4948/files/01_e28866bd-5c1f-4464-9238-d568da7c7ef8.jpg?v=1769750821,1,Calvium Magna | Cognac Tan,,,,,,,,,,,https://cdn.shopify.com/s/files/1/0958/3106/4948/files/01_e28866bd-5c1f-4464-9238-d568da7c7ef8.jpg?v=1769750821,kg,,,active
calvium-magna-cognac-tan,,,,,,,,,,,,,,,,,,,,,,,,,,,,,,,,https://cdn.shopify.com/s/files/1/0958/3106/4948/files/02_edfc0e42-81f6-43fd-b0ab-3ce09c1ad386.jpg?v=1769750843,2,Calvium Magna | Cognac Tan,,,,,,,,,,,,,,,
calvium-magna-cognac-tan,,,,,,,,,,,,,,,,,,,,,,,,,,,,,,,,https://cdn.shopify.com/s/files/1/0958/3106/4948/files/03_fc12673a-a920-4731-a06e-09b6021950c5.jpg?v=1769750843,3,Calvium Magna | Cognac Tan,,,,,,,,,,,,,,,
calvium-magna-cognac-tan,,,,,,,,,,,,,,,,,,,,,,,,,,,,,,,,https://cdn.shopify.com/s/files/1/0958/3106/4948/files/04_bf5f5f38-4eca-4e99-92da-08eb470f734f.jpg?v=1769750844,4,Calvium Magna | Cognac Tan,,,,,,,,,,,,,,,
calvium-magna-cognac-tan,,,,,,,,,,,,,,,,,,,,,,,,,,,,,,,,https://cdn.shopify.com/s/files/1/0958/3106/4948/files/05_5940d7ad-9465-480a-9115-dfdf24b50fa4.jpg?v=1769750844,5,Calvium Magna | Cognac Tan,,,,,,,,,,,,,,,
calvium-magna-cognac-tan,,,,,,,,,,,,,,,,,,,,,,,,,,,,,,,,https://cdn.shopify.com/s/files/1/0958/3106/4948/files/06_1b80ecf4-5e16-4f94-af7d-cfaaa813dc37.jpg?v=1769750844,6,Calvium Magna | Cognac Tan,,,,,,,,,,,,,,,
calvium-recta-ash-grey,Calvium Recta | Ash Grey,"<p>The Calvium Recta Shoulder Bag combines minimalist elegance, spacious storage, and everyday functionality. Designed with a clean rectangular silhouette and smooth premium finish, this versatile bag is ideal for work, travel, shopping, and daily outings. The roomy main compartment provides ample space for your wallet, smartphone, books, cosmetics, sunglasses, and other essentials. A convenient exterior zip pocket allows quick access to frequently used items. The adjustable shoulder strap offers comfortable hands-free carrying and can be customized for the perfect fit. Lightweight yet practical, this sophisticated shoulder bag complements casual, professional, and travel outfits, making it a reliable everyday companion.</p>
<h3>Dimensions</h3>
<ul><li><strong>Height:</strong> 28cm</li>Width - 35cm Base  - 4cm</ul>",,,Structured Bag,"Everyday Icons, Structured Bag, New Arrivals, Color: Ash Grey, color-group:recta, color:ash-grey",,,,,,,,,,,,0.0,shopify,15,deny,manual,5300.00,,true,true,,,,,,https://cdn.shopify.com/s/files/1/0958/3106/4948/files/01_1c9c8a6d-2425-4a13-94d0-838de4969e55.jpg?v=1769750045,1,Calvium Recta | Ash Grey,,,,,,,,,,,https://cdn.shopify.com/s/files/1/0958/3106/4948/files/01_1c9c8a6d-2425-4a13-94d0-838de4969e55.jpg?v=1769750045,kg,,,active
calvium-recta-ash-grey,,,,,,,,,,,,,,,,,,,,,,,,,,,,,,,,https://cdn.shopify.com/s/files/1/0958/3106/4948/files/02_3eda53d2-7b8e-40f2-a85e-8543b2eba375.jpg?v=1769750073,2,Calvium Recta | Ash Grey,,,,,,,,,,,,,,,
calvium-recta-ash-grey,,,,,,,,,,,,,,,,,,,,,,,,,,,,,,,,https://cdn.shopify.com/s/files/1/0958/3106/4948/files/03_ed64c11c-4456-46b4-93cf-7082f0e92666.jpg?v=1769750073,3,Calvium Recta | Ash Grey,,,,,,,,,,,,,,,
calvium-recta-ash-grey,,,,,,,,,,,,,,,,,,,,,,,,,,,,,,,,https://cdn.shopify.com/s/files/1/0958/3106/4948/files/04_b9f7303e-6f1e-4385-9ebd-f9b129da4f6c.jpg?v=1769750073,4,Calvium Recta | Ash Grey,,,,,,,,,,,,,,,
calvium-recta-ash-grey,,,,,,,,,,,,,,,,,,,,,,,,,,,,,,,,https://cdn.shopify.com/s/files/1/0958/3106/4948/files/05_34df0e2e-268f-4d3e-bdc0-91ed734a53ca.jpg?v=1769750073,5,Calvium Recta | Ash Grey,,,,,,,,,,,,,,,
calvium-recta-cognac-tan,Calvium Recta | Cognac Tan,"<p>The Calvium Recta Shoulder Bag combines minimalist elegance, spacious storage, and everyday functionality. Designed with a clean rectangular silhouette and smooth premium finish, this versatile bag is ideal for work, travel, shopping, and daily outings. The roomy main compartment provides ample space for your wallet, smartphone, books, cosmetics, sunglasses, and other essentials. A convenient exterior zip pocket allows quick access to frequently used items. The adjustable shoulder strap offers comfortable hands-free carrying and can be customized for the perfect fit. Lightweight yet practical, this sophisticated shoulder bag complements casual, professional, and travel outfits, making it a reliable everyday companion.</p>
<h3>Dimensions</h3>
<ul><li><strong>Height:</strong> 28cm</li>Width - 35cm Base  - 4cm</ul>",Calvium,"Apparel & Accessories > Handbags, Wallets & Cases > Handbags > Cross Body Bags",Structured Bag,"Everyday Icons, Structured Bag, New Arrivals, Color: Cognac Tan, color-group:recta, color:cognac-tan",true,,,product.metafields.shopify.color-pattern,,,,,,,,0.0,shopify,15,deny,manual,5300.00,,true,true,,,,,,https://cdn.shopify.com/s/files/1/0958/3106/4948/files/02_2fd915bf-161c-45f0-91ff-9586041c041e.jpg?v=1769750144,1,Calvium Recta | Cognac Tan,false,,,,,,,,tan; grey,,https://cdn.shopify.com/s/files/1/0958/3106/4948/files/02_2fd915bf-161c-45f0-91ff-9586041c041e.jpg?v=1769750144,kg,,,active
calvium-recta-cognac-tan,,,,,,,,,,,,,,,,,,,,,,,,,,,,,,,,https://cdn.shopify.com/s/files/1/0958/3106/4948/files/03_e7f24411-254d-434c-8461-f428f4863478.jpg?v=1769750168,2,Calvium Recta | Cognac Tan,,,,,,,,,,,,,,,
calvium-recta-cognac-tan,,,,,,,,,,,,,,,,,,,,,,,,,,,,,,,,https://cdn.shopify.com/s/files/1/0958/3106/4948/files/04_71938687-336c-4a08-a6fb-3123ff2e0564.jpg?v=1769750168,3,Calvium Recta | Cognac Tan,,,,,,,,,,,,,,,
calvium-recta-cognac-tan,,,,,,,,,,,,,,,,,,,,,,,,,,,,,,,,https://cdn.shopify.com/s/files/1/0958/3106/4948/files/05_80fd17d5-35ce-4065-9599-67bc4233b8b5.jpg?v=1769750168,4,Calvium Recta | Cognac Tan,,,,,,,,,,,,,,,
calvium-recta-cognac-tan,,,,,,,,,,,,,,,,,,,,,,,,,,,,,,,,https://cdn.shopify.com/s/files/1/0958/3106/4948/files/06_5c248a4e-61a4-45aa-8c01-c4cbfdaa98f4.jpg?v=1769750168,5,Calvium Recta | Cognac Tan,,,,,,,,,,,,,,,
calvium-recta-cognac-tan,,,,,,,,,,,,,,,,,,,,,,,,,,,,,,,,https://cdn.shopify.com/s/files/1/0958/3106/4948/files/07_653e390b-90f4-49c6-a408-3d79bc2dddeb.jpg?v=1769750169,6,Calvium Recta | Cognac Tan,,,,,,,,,,,,,,,
calvium-recta-cognac-tan,,,,,,,,,,,,,,,,,,,,,,,,,,,,,,,,https://cdn.shopify.com/s/files/1/0958/3106/4948/files/01_2892a8f1-d510-4d76-a898-98f9b41f985a.jpg?v=1769750168,7,Calvium Recta | Cognac Tan,,,,,,,,,,,,,,,
calvium-nodus,Calvium Nodus,"<p>The Calvium Nodus Handbag combines artistic design, practical functionality, and contemporary elegance. Its distinctive sculpted silhouette, soft pleated construction, and decorative knotted side details create a sophisticated statement look. The comfortable top handles make it easy to carry, while the detachable shoulder strap offers versatile styling options. A spacious interior provides room for everyday essentials such as your smartphone, wallet, sunglasses, cosmetics, and keys. The structured base helps maintain the bag's shape and stability. Finished with refined craftsmanship and thoughtful detailing, this stylish handbag is perfect for shopping, casual outings, travel, dinners, and occasions where effortless sophistication is desired.</p>
<h3>Dimensions</h3>
<ul><li><strong>Height:</strong> 15cm</li><li><strong>Width:</strong> 29cm</li><li><strong>Base:</strong> 11cm</li></ul>",Calvium,"Apparel & Accessories > Handbags, Wallets & Cases > Handbags > Cross Body Bags",Knot Detail Tote,"Everyday Icons, Knot Detail Tote, New Arrivals, color-group:nodus",true,,,,,,,,,,,0.0,shopify,15,deny,manual,5500.00,,true,true,,,,,,https://cdn.shopify.com/s/files/1/0958/3106/4948/files/01_caff1dce-9bb4-447c-aa2c-cdc99c7a4eb2.jpg?v=1770628365,1,,false,,,adults,lightweight; convertible,leather,built-in-compartments,shoulder-strap; handle,brown; gray; black,female,,kg,,,active
calvium-nodus,,,,,,,,,,,,,,,,,,,,,,,,,,,,,,,,https://cdn.shopify.com/s/files/1/0958/3106/4948/files/06_564a67cb-1c7b-43d6-b71e-166836b9f9e4.jpg?v=1770628365,2,,,,,,,,,,,,,,,,
calvium-nodus,,,,,,,,,,,,,,,,,,,,,,,,,,,,,,,,https://cdn.shopify.com/s/files/1/0958/3106/4948/files/02_fb64442b-6b27-4d4c-b67b-eb46b48af39f.jpg?v=1770628365,3,,,,,,,,,,,,,,,,
calvium-nodus,,,,,,,,,,,,,,,,,,,,,,,,,,,,,,,,https://cdn.shopify.com/s/files/1/0958/3106/4948/files/03_b95215a0-2651-4d20-81a8-bc04966e7ff7.jpg?v=1769748021,4,,,,,,,,,,,,,,,,
calvium-nodus,,,,,,,,,,,,,,,,,,,,,,,,,,,,,,,,https://cdn.shopify.com/s/files/1/0958/3106/4948/files/04_f9179968-483a-42a5-88fe-d16ea401cfde.jpg?v=1769748021,5,,,,,,,,,,,,,,,,
calvium-nodus,,,,,,,,,,,,,,,,,,,,,,,,,,,,,,,,https://cdn.shopify.com/s/files/1/0958/3106/4948/files/05_8f30ece8-7518-44a9-a125-e38aa2df07e7.jpg?v=1769748021,6,,,,,,,,,,,,,,,,
calvium-arcus-midnight-black,Calvium Arcus | Midnight Black,"<p>The Calvium Arcus Handbag combines sophisticated design, practical storage, and everyday versatility. Featuring a refined structured silhouette with a comfortable top handle, this elegant handbag is perfect for work, shopping, travel, and daily outings. The spacious main compartment provides ample room for your wallet, phone, cosmetics, keys, and other essentials. It includes a removable inner pouch for convenient organization and an adjustable detachable shoulder strap, allowing multiple carrying styles. Durable metal hardware and fine finishing enhance its premium appearance. Designed for modern women who value style and functionality, this versatile handbag effortlessly complements both professional and casual outfits.</p>
<h3>Dimensions</h3>
<ul><li><strong>Height:</strong> 21cm</li><li><strong>Width:</strong> 29cm</li><li><strong>Base:</strong> 8cm</li></ul>",Calvium,"Apparel & Accessories > Handbags, Wallets & Cases > Handbags > Cross Body Bags",Shoulder Bag,"Everyday Icons, Shoulder Bag, New Arrivals, Color: Midnight Black, color-group:arcus, color:midnight-black",true,,,product.metafields.shopify.color-pattern,,,,,,,,0.0,shopify,14,deny,manual,5300.00,,true,true,,,,,,https://cdn.shopify.com/s/files/1/0958/3106/4948/files/1000349653.jpg?v=1769746342,1,Calvium Arcus | Midnight Black,false,,,,,,,,black; tan,,https://cdn.shopify.com/s/files/1/0958/3106/4948/files/1000349653.jpg?v=1769746342,kg,,,active
calvium-arcus-midnight-black,,,,,,,,,,,,,,,,,,,,,,,,,,,,,,,,https://cdn.shopify.com/s/files/1/0958/3106/4948/files/06_f2cd2084-a001-4b02-bb34-9f4262c29020.jpg?v=1769746387,2,Calvium Arcus | Midnight Black,,,,,,,,,,,,,,,
calvium-arcus-midnight-black,,,,,,,,,,,,,,,,,,,,,,,,,,,,,,,,https://cdn.shopify.com/s/files/1/0958/3106/4948/files/05_07a4b25b-dcf4-4bf5-b6b8-36d7f1249d9e.jpg?v=1769746387,3,Calvium Arcus | Midnight Black,,,,,,,,,,,,,,,
calvium-arcus-midnight-black,,,,,,,,,,,,,,,,,,,,,,,,,,,,,,,,https://cdn.shopify.com/s/files/1/0958/3106/4948/files/02_ccb3d5b1-0ab6-4409-a479-d51f7f6e38c2.jpg?v=1769746387,4,Calvium Arcus | Midnight Black,,,,,,,,,,,,,,,
calvium-arcus-midnight-black,,,,,,,,,,,,,,,,,,,,,,,,,,,,,,,,https://cdn.shopify.com/s/files/1/0958/3106/4948/files/04_d2360fad-7726-4a8c-ae3c-2ac06502f721.jpg?v=1769746387,5,Calvium Arcus | Midnight Black,,,,,,,,,,,,,,,
calvium-arcus-midnight-black,,,,,,,,,,,,,,,,,,,,,,,,,,,,,,,,https://cdn.shopify.com/s/files/1/0958/3106/4948/files/07_3a9e2cd2-9222-4e58-a9dc-ebc6d66f4ca8.jpg?v=1769746387,6,Calvium Arcus | Midnight Black,,,,,,,,,,,,,,,
calvium-arcus-midnight-black,,,,,,,,,,,,,,,,,,,,,,,,,,,,,,,,https://cdn.shopify.com/s/files/1/0958/3106/4948/files/03_ded539e9-76a1-41a0-9abb-6a9ed40204b0.jpg?v=1769746387,7,Calvium Arcus | Midnight Black,,,,,,,,,,,,,,,
calvium-arcus-cognac-tan,Calvium Arcus | Cognac Tan,"<p>The Calvium Arcus Handbag combines sophisticated design, practical storage, and everyday versatility. Featuring a refined structured silhouette with a comfortable top handle, this elegant handbag is perfect for work, shopping, travel, and daily outings. The spacious main compartment provides ample room for your wallet, phone, cosmetics, keys, and other essentials. It includes a removable inner pouch for convenient organization and an adjustable detachable shoulder strap, allowing multiple carrying styles. Durable metal hardware and fine finishing enhance its premium appearance. Designed for modern women who value style and functionality, this versatile handbag effortlessly complements both professional and casual outfits.</p>
<h3>Dimensions</h3>
<ul><li><strong>Height:</strong> 21cm</li><li><strong>Width:</strong> 29cm</li><li><strong>Base:</strong> 8cm</li></ul>",,,Shoulder Bag,"Everyday Icons, Shoulder Bag, New Arrivals, Color: Cognac Tan, color-group:arcus, color:cognac-tan",,,,,,,,,,,,0.0,shopify,15,deny,manual,5300.00,,true,true,,,,,,https://cdn.shopify.com/s/files/1/0958/3106/4948/files/06_b67eb6dc-7991-4550-9e3b-e2c43acaf0a4.jpg?v=1769747670,1,Calvium Arcus | Cognac Tan,,,,,,,,,,,https://cdn.shopify.com/s/files/1/0958/3106/4948/files/1000349666_5029f4e2-ea17-4763-9099-885a4a9061fd.jpg?v=1769747690,kg,,,active
calvium-arcus-cognac-tan,,,,,,,,,,,,,,,,,,,,,,,,,,,,,,,,https://cdn.shopify.com/s/files/1/0958/3106/4948/files/05_716fc01a-94e6-4aa3-8d97-eaeab5846ad9.jpg?v=1769747670,2,Calvium Arcus | Cognac Tan,,,,,,,,,,,,,,,
calvium-arcus-cognac-tan,,,,,,,,,,,,,,,,,,,,,,,,,,,,,,,,https://cdn.shopify.com/s/files/1/0958/3106/4948/files/04_b5ae348c-ceda-4005-b7a5-84fd4a02770c.jpg?v=1769747671,3,Calvium Arcus | Cognac Tan,,,,,,,,,,,,,,,
calvium-arcus-cognac-tan,,,,,,,,,,,,,,,,,,,,,,,,,,,,,,,,https://cdn.shopify.com/s/files/1/0958/3106/4948/files/03_9f3036cc-6486-4ab4-a56c-a9ce8c6758b1.jpg?v=1769747670,4,Calvium Arcus | Cognac Tan,,,,,,,,,,,,,,,
calvium-arcus-cognac-tan,,,,,,,,,,,,,,,,,,,,,,,,,,,,,,,,https://cdn.shopify.com/s/files/1/0958/3106/4948/files/01_f3ca14bf-0bc0-4ae4-97a1-adab1aba123f.jpg?v=1769747670,5,Calvium Arcus | Cognac Tan,,,,,,,,,,,,,,,
calvium-arcus-cognac-tan,,,,,,,,,,,,,,,,,,,,,,,,,,,,,,,,https://cdn.shopify.com/s/files/1/0958/3106/4948/files/07_736faea2-bfd9-4ec5-90a3-6787e821f836.jpg?v=1769747671,6,Calvium Arcus | Cognac Tan,,,,,,,,,,,,,,,
calvium-orbis-havana-brown,Calvium Orbis | Havana Brown,"<p>The Calvium Orbis Sling Bag combines timeless elegance with practical everyday functionality. Designed with a smooth, sophisticated finish and classic flap silhouette, it features a secure front closure and a convenient rear zip pocket for quick access to essentials. The spacious interior offers enough room for your smartphone, wallet, keys, sunglasses, cosmetics, and other daily necessities. This bag includes two detachable straps, allowing you to switch between different carrying styles and looks. Durable hardware and refined detailing enhance its premium appearance. Perfect for work, shopping, travel, and casual outings, this versatile sling bag complements both modern and classic wardrobes effortlessly.</p>
<h3>Dimensions</h3>
<ul><li><strong>Height:</strong> 16cm</li><li><strong>Width:</strong> 25cm</li><li><strong>Base:</strong> 8cm</li></ul>",Calvium,"Apparel & Accessories > Handbags, Wallets & Cases > Handbags > Cross Body Bags",Round Crossbody Bag,"Day to Night, Round Crossbody Bag, New Arrivals, Color: Havana Brown, color-group:orbis, color:havana-brown",true,,,product.metafields.shopify.color-pattern,,,,,,,,0.0,shopify,15,deny,manual,4200.00,,true,true,,,,,,https://cdn.shopify.com/s/files/1/0958/3106/4948/files/1000349635.jpg?v=1769745805,1,Calvium Orbis | Havana Brown,false,,,,,,,,brown; tan; wine,,https://cdn.shopify.com/s/files/1/0958/3106/4948/files/1000349635.jpg?v=1769745805,kg,,,active
calvium-orbis-havana-brown,,,,,,,,,,,,,,,,,,,,,,,,,,,,,,,,https://cdn.shopify.com/s/files/1/0958/3106/4948/files/02_512de5f9-2847-40f8-8c4e-c013ebd2c667.jpg?v=1769745829,2,Calvium Orbis | Havana Brown,,,,,,,,,,,,,,,
calvium-orbis-havana-brown,,,,,,,,,,,,,,,,,,,,,,,,,,,,,,,,https://cdn.shopify.com/s/files/1/0958/3106/4948/files/06_d06410e7-3a3b-466e-bd07-03c1b5ca4924.jpg?v=1769745828,3,Calvium Orbis | Havana Brown,,,,,,,,,,,,,,,
calvium-orbis-havana-brown,,,,,,,,,,,,,,,,,,,,,,,,,,,,,,,,https://cdn.shopify.com/s/files/1/0958/3106/4948/files/04_3f872c7b-6023-404a-bbf5-688fe4cd0e27.jpg?v=1769745828,4,Calvium Orbis | Havana Brown,,,,,,,,,,,,,,,
calvium-orbis-havana-brown,,,,,,,,,,,,,,,,,,,,,,,,,,,,,,,,https://cdn.shopify.com/s/files/1/0958/3106/4948/files/05_2088833b-7e3d-4e5d-8c2e-4ffcb9df6ea2.jpg?v=1769745828,5,Calvium Orbis | Havana Brown,,,,,,,,,,,,,,,
calvium-orbis-havana-brown,,,,,,,,,,,,,,,,,,,,,,,,,,,,,,,,https://cdn.shopify.com/s/files/1/0958/3106/4948/files/03_7f61ba8e-cc9d-4c81-b27d-6d9ac30414bd.jpg?v=1769745828,6,Calvium Orbis | Havana Brown,,,,,,,,,,,,,,,
calvium-orbis-havana-brown,,,,,,,,,,,,,,,,,,,,,,,,,,,,,,,,https://cdn.shopify.com/s/files/1/0958/3106/4948/files/07_f1737b09-1393-4599-9bf5-081d3ca43260.jpg?v=1769745829,7,Calvium Orbis | Havana Brown,,,,,,,,,,,,,,,
calvium-orbis-cognac-tan,Calvium Orbis | Cognac Tan,"<p>The Calvium Orbis Sling Bag combines timeless elegance with practical everyday functionality. Designed with a smooth, sophisticated finish and classic flap silhouette, it features a secure front closure and a convenient rear zip pocket for quick access to essentials. The spacious interior offers enough room for your smartphone, wallet, keys, sunglasses, cosmetics, and other daily necessities. This bag includes two detachable straps, allowing you to switch between different carrying styles and looks. Durable hardware and refined detailing enhance its premium appearance. Perfect for work, shopping, travel, and casual outings, this versatile sling bag complements both modern and classic wardrobes effortlessly.</p>
<h3>Dimensions</h3>
<ul><li><strong>Height:</strong> 16cm</li><li><strong>Width:</strong> 25cm</li><li><strong>Base:</strong> 8cm</li></ul>",,,Round Crossbody Bag,"Day to Night, Round Crossbody Bag, New Arrivals, Color: Cognac Tan, color-group:orbis, color:cognac-tan",,,,,,,,,,,,0.0,shopify,15,deny,manual,4200.00,,true,true,,,,,,https://cdn.shopify.com/s/files/1/0958/3106/4948/files/1000349641.jpg?v=1769745949,1,Calvium Orbis | Cognac Tan,,,,,,,,,,,https://cdn.shopify.com/s/files/1/0958/3106/4948/files/1000349641.jpg?v=1769745949,kg,,,active
calvium-orbis-cognac-tan,,,,,,,,,,,,,,,,,,,,,,,,,,,,,,,,https://cdn.shopify.com/s/files/1/0958/3106/4948/files/04_727f8fd2-2659-4e63-b4b6-8a1cfd5103fc.jpg?v=1769746012,2,Calvium Orbis | Cognac Tan,,,,,,,,,,,,,,,
calvium-orbis-cognac-tan,,,,,,,,,,,,,,,,,,,,,,,,,,,,,,,,https://cdn.shopify.com/s/files/1/0958/3106/4948/files/05_d8ed4852-405d-41a5-9dbf-6d251ec09b57.jpg?v=1769746012,3,Calvium Orbis | Cognac Tan,,,,,,,,,,,,,,,
calvium-orbis-cognac-tan,,,,,,,,,,,,,,,,,,,,,,,,,,,,,,,,https://cdn.shopify.com/s/files/1/0958/3106/4948/files/03_4920ad7b-d70d-4a23-a491-66a922c2d89f.jpg?v=1769746011,4,Calvium Orbis | Cognac Tan,,,,,,,,,,,,,,,
calvium-orbis-cognac-tan,,,,,,,,,,,,,,,,,,,,,,,,,,,,,,,,https://cdn.shopify.com/s/files/1/0958/3106/4948/files/02_87028e7a-fd14-49b4-8025-124ae61baa6e.jpg?v=1769746012,5,Calvium Orbis | Cognac Tan,,,,,,,,,,,,,,,
calvium-orbis-cognac-tan,,,,,,,,,,,,,,,,,,,,,,,,,,,,,,,,https://cdn.shopify.com/s/files/1/0958/3106/4948/files/06_7bfc4345-7f3c-4226-8dfc-b58cc77b3d3f.jpg?v=1769746012,6,Calvium Orbis | Cognac Tan,,,,,,,,,,,,,,,
calvium-orbis-bordeaux,Calvium Orbis | Bordeaux,"<p>The Calvium Orbis Sling Bag combines timeless elegance with practical everyday functionality. Designed with a smooth, sophisticated finish and classic flap silhouette, it features a secure front closure and a convenient rear zip pocket for quick access to essentials. The spacious interior offers enough room for your smartphone, wallet, keys, sunglasses, cosmetics, and other daily necessities. This bag includes two detachable straps, allowing you to switch between different carrying styles and looks. Durable hardware and refined detailing enhance its premium appearance. Perfect for work, shopping, travel, and casual outings, this versatile sling bag complements both modern and classic wardrobes effortlessly.</p>
<h3>Dimensions</h3>
<ul><li><strong>Height:</strong> 16cm</li><li><strong>Width:</strong> 25cm</li><li><strong>Base:</strong> 8cm</li></ul>",,,Round Crossbody Bag,"Day to Night, Round Crossbody Bag, New Arrivals, Color: Bordeaux, color-group:orbis, color:bordeaux",,,,,,,,,,,,0.0,shopify,15,deny,manual,4200.00,,true,true,,,,,,https://cdn.shopify.com/s/files/1/0958/3106/4948/files/1000349643.jpg?v=1769746092,1,Calvium Orbis | Bordeaux,,,,,,,,,,,https://cdn.shopify.com/s/files/1/0958/3106/4948/files/1000349643.jpg?v=1769746092,kg,,,active
calvium-orbis-bordeaux,,,,,,,,,,,,,,,,,,,,,,,,,,,,,,,,https://cdn.shopify.com/s/files/1/0958/3106/4948/files/02_bcb70782-afe3-4aac-8387-4599c86ddfc1.jpg?v=1769746119,2,Calvium Orbis | Bordeaux,,,,,,,,,,,,,,,
calvium-orbis-bordeaux,,,,,,,,,,,,,,,,,,,,,,,,,,,,,,,,https://cdn.shopify.com/s/files/1/0958/3106/4948/files/07_6097182c-bb26-4e60-80c6-28f8f92b75c8.jpg?v=1769746118,3,Calvium Orbis | Bordeaux,,,,,,,,,,,,,,,
calvium-orbis-bordeaux,,,,,,,,,,,,,,,,,,,,,,,,,,,,,,,,https://cdn.shopify.com/s/files/1/0958/3106/4948/files/03_2750b211-7253-4681-8430-32b7ffb8935b.jpg?v=1769746118,4,Calvium Orbis | Bordeaux,,,,,,,,,,,,,,,
calvium-orbis-bordeaux,,,,,,,,,,,,,,,,,,,,,,,,,,,,,,,,https://cdn.shopify.com/s/files/1/0958/3106/4948/files/04_014e8574-426c-4c37-aa35-7c6ea32af04c.jpg?v=1769746119,5,Calvium Orbis | Bordeaux,,,,,,,,,,,,,,,
calvium-orbis-bordeaux,,,,,,,,,,,,,,,,,,,,,,,,,,,,,,,,https://cdn.shopify.com/s/files/1/0958/3106/4948/files/06_45dddc0c-bc00-450d-b62c-587d8eb63409.jpg?v=1769746119,6,Calvium Orbis | Bordeaux,,,,,,,,,,,,,,,
calvium-orbis-bordeaux,,,,,,,,,,,,,,,,,,,,,,,,,,,,,,,,https://cdn.shopify.com/s/files/1/0958/3106/4948/files/05_6167d03c-7a10-458d-92ab-0b76be3498f0.jpg?v=1769746119,7,Calvium Orbis | Bordeaux,,,,,,,,,,,,,,,
calvium-bipartis-forest-green,Calvium Bipartis | Forest Green,"<p>The Calvium Bipartis Small Travelling Sling Bag is designed for lightweight comfort, convenient organization, and effortless everyday travel. Its compact size provides enough space for essentials such as a smartphone, wallet, power bank, charging cable, sunglasses, keys, and personal accessories. The spacious main compartment and exterior zippered pockets help keep belongings organized, secure, and easily accessible. An adjustable shoulder strap offers comfortable carrying and a personalized fit during long journeys. Its sleek contemporary design and versatile construction make it perfect for sightseeing, commuting, airport travel, shopping, and daily outings, delivering practical functionality without unnecessary bulk or weight.</p>
<h3>Dimensions</h3>
<ul><li><strong>Height:</strong> 18cm</li><li><strong>Width:</strong> 25cm</li><li><strong>Base:</strong> 9cm</li></ul>",Calvium,"Apparel & Accessories > Handbags, Wallets & Cases > Handbags > Cross Body Bags",Sling Bag,"On the Move, Sling Bag, New Arrivals, Color: Forest Green, color-group:bipartis, color:forest-green",true,,,product.metafields.shopify.color-pattern,,,,,,,,0.0,shopify,15,deny,manual,3800.00,,true,true,,,,,,https://cdn.shopify.com/s/files/1/0958/3106/4948/files/1000349610.jpg?v=1769745178,1,Calvium Bipartis | Forest Green,false,,,,,,,,green; mud,,https://cdn.shopify.com/s/files/1/0958/3106/4948/files/1000349610.jpg?v=1769745178,kg,,,active
calvium-bipartis-forest-green,,,,,,,,,,,,,,,,,,,,,,,,,,,,,,,,https://cdn.shopify.com/s/files/1/0958/3106/4948/files/06_3fea20a0-5f05-4ef6-9393-f060e08b2de4.jpg?v=1769745218,2,Calvium Bipartis | Forest Green,,,,,,,,,,,,,,,
calvium-bipartis-forest-green,,,,,,,,,,,,,,,,,,,,,,,,,,,,,,,,https://cdn.shopify.com/s/files/1/0958/3106/4948/files/02_d92e67c1-9f90-4973-b23e-d7d90c86bd00.jpg?v=1769745218,3,Calvium Bipartis | Forest Green,,,,,,,,,,,,,,,
calvium-bipartis-forest-green,,,,,,,,,,,,,,,,,,,,,,,,,,,,,,,,https://cdn.shopify.com/s/files/1/0958/3106/4948/files/04_4dbb9cdb-88a6-48c1-be20-2301617af07e.jpg?v=1769745218,4,Calvium Bipartis | Forest Green,,,,,,,,,,,,,,,
calvium-bipartis-forest-green,,,,,,,,,,,,,,,,,,,,,,,,,,,,,,,,https://cdn.shopify.com/s/files/1/0958/3106/4948/files/05_dbbbde2f-5426-4768-bda5-64794d5e8330.jpg?v=1769745218,5,Calvium Bipartis | Forest Green,,,,,,,,,,,,,,,
calvium-bipartis-forest-green,,,,,,,,,,,,,,,,,,,,,,,,,,,,,,,,https://cdn.shopify.com/s/files/1/0958/3106/4948/files/03_282565fd-9b6c-425b-9728-13f992d6914d.jpg?v=1769745218,6,Calvium Bipartis | Forest Green,,,,,,,,,,,,,,,
calvium-bipartis-river-clay,Calvium Bipartis | River Clay,"<p>The Calvium Bipartis Small Travelling Sling Bag is designed for lightweight comfort, convenient organization, and effortless everyday travel. Its compact size provides enough space for essentials such as a smartphone, wallet, power bank, charging cable, sunglasses, keys, and personal accessories. The spacious main compartment and exterior zippered pockets help keep belongings organized, secure, and easily accessible. An adjustable shoulder strap offers comfortable carrying and a personalized fit during long journeys. Its sleek contemporary design and versatile construction make it perfect for sightseeing, commuting, airport travel, shopping, and daily outings, delivering practical functionality without unnecessary bulk or weight.</p>
<h3>Dimensions</h3>
<ul><li><strong>Height:</strong> 18cm</li><li><strong>Width:</strong> 25cm</li><li><strong>Base:</strong> 9cm</li></ul>",,,Sling Bag,"On the Move, Sling Bag, New Arrivals, Color: River Clay, color-group:bipartis, color:river-clay",,,,,,,,,,,,0.0,shopify,15,deny,manual,3800.00,,true,true,,,,,,https://cdn.shopify.com/s/files/1/0958/3106/4948/files/1000349623.jpg?v=1769745465,1,Calvium Bipartis | River Clay,,,,,,,,,,,https://cdn.shopify.com/s/files/1/0958/3106/4948/files/1000349623.jpg?v=1769745465,kg,,,active
calvium-bipartis-river-clay,,,,,,,,,,,,,,,,,,,,,,,,,,,,,,,,https://cdn.shopify.com/s/files/1/0958/3106/4948/files/02_1e75d2a7-8960-48fa-8d63-e34e60890e8b.jpg?v=1769745502,2,Calvium Bipartis | River Clay,,,,,,,,,,,,,,,
calvium-bipartis-river-clay,,,,,,,,,,,,,,,,,,,,,,,,,,,,,,,,https://cdn.shopify.com/s/files/1/0958/3106/4948/files/05_2a702adf-d0e7-4521-aba1-8819e1816b5b.jpg?v=1769745502,3,Calvium Bipartis | River Clay,,,,,,,,,,,,,,,
calvium-bipartis-river-clay,,,,,,,,,,,,,,,,,,,,,,,,,,,,,,,,https://cdn.shopify.com/s/files/1/0958/3106/4948/files/04_da189928-13a3-4de2-819c-eb1d1d19201d.jpg?v=1769745502,4,Calvium Bipartis | River Clay,,,,,,,,,,,,,,,
calvium-bipartis-river-clay,,,,,,,,,,,,,,,,,,,,,,,,,,,,,,,,https://cdn.shopify.com/s/files/1/0958/3106/4948/files/06_2f56a440-4b77-48c3-8cfe-ddfae706f608.jpg?v=1769745502,5,Calvium Bipartis | River Clay,,,,,,,,,,,,,,,
calvium-bipartis-river-clay,,,,,,,,,,,,,,,,,,,,,,,,,,,,,,,,https://cdn.shopify.com/s/files/1/0958/3106/4948/files/03_ef90a895-3768-4f99-954a-7e5c79fa9175.jpg?v=1769745502,6,Calvium Bipartis | River Clay,,,,,,,,,,,,,,,
calvium-bipartis-river-clay,,,,,,,,,,,,,,,,,,,,,,,,,,,,,,,,https://cdn.shopify.com/s/files/1/0958/3106/4948/files/07_cb516d13-560c-4daa-b8da-b364a8c8ba4f.jpg?v=1769745502,7,Calvium Bipartis | River Clay,,,,,,,,,,,,,,,
calvium-transitus-forest-green,Calvium Transitus | Forest Green,"<p>The Calvium Transitus Travel Shoulder Bag combines spacious storage, lightweight comfort, and modern everyday functionality. Designed with a roomy main compartment, it provides ample space for essentials such as a tablet, wallet, cosmetics, water bottle, clothing, travel accessories, and personal belongings. Multiple exterior pockets offer convenient access to frequently used items, while secure zip closures help keep belongings organized and protected. The adjustable shoulder strap provides comfortable carrying during long journeys and daily commutes. Finished with contrasting leather accents and a versatile contemporary design, this practical bag is ideal for travel, shopping, work, weekend trips, and everyday adventures</p>
<h3>Dimensions</h3>
<ul><li><strong>Height:</strong> 26cm</li><li><strong>Width:</strong> 36cm</li><li><strong>Base:</strong> 12cm</li></ul>",Calvium,Luggage & Bags > Backpacks,Duffle Sling Bag,"Carry-Ons, Duffle Sling Bag, New Arrivals, Color: Forest Green, color-group:transitus, color:forest-green",true,,,product.metafields.shopify.color-pattern,,,,,,,,0.0,shopify,15,deny,manual,4800.00,,true,true,,,,,,https://cdn.shopify.com/s/files/1/0958/3106/4948/files/1000349601.jpg?v=1769744851,1,Calvium Transitus | Forest Green,false,,,,,,,,green; grey,,https://cdn.shopify.com/s/files/1/0958/3106/4948/files/1000349601.jpg?v=1769744851,kg,,,active
calvium-transitus-forest-green,,,,,,,,,,,,,,,,,,,,,,,,,,,,,,,,https://cdn.shopify.com/s/files/1/0958/3106/4948/files/03_61acdd35-5710-4689-8657-abc7464e3c8c.jpg?v=1769744874,2,Calvium Transitus | Forest Green,,,,,,,,,,,,,,,
calvium-transitus-forest-green,,,,,,,,,,,,,,,,,,,,,,,,,,,,,,,,https://cdn.shopify.com/s/files/1/0958/3106/4948/files/06_eedb5dcc-f630-4434-af63-548630cb67e5.jpg?v=1769744874,3,Calvium Transitus | Forest Green,,,,,,,,,,,,,,,
calvium-transitus-forest-green,,,,,,,,,,,,,,,,,,,,,,,,,,,,,,,,https://cdn.shopify.com/s/files/1/0958/3106/4948/files/04_e9f16e8a-f175-4ed0-b429-af557499049b.jpg?v=1769744874,4,Calvium Transitus | Forest Green,,,,,,,,,,,,,,,
calvium-transitus-forest-green,,,,,,,,,,,,,,,,,,,,,,,,,,,,,,,,https://cdn.shopify.com/s/files/1/0958/3106/4948/files/01_9a11d692-710e-422a-8eca-33d1451a4780.jpg?v=1769744874,5,Calvium Transitus | Forest Green,,,,,,,,,,,,,,,
calvium-transitus-forest-green,,,,,,,,,,,,,,,,,,,,,,,,,,,,,,,,https://cdn.shopify.com/s/files/1/0958/3106/4948/files/05_b52bb619-d789-4e43-9fa6-bd8090d31771.jpg?v=1769744874,6,Calvium Transitus | Forest Green,,,,,,,,,,,,,,,
calvium-transitus-ash-grey,Calvium Transitus | Ash Grey,"<p>The Calvium Transitus Travel Shoulder Bag combines spacious storage, lightweight comfort, and modern everyday functionality. Designed with a roomy main compartment, it provides ample space for essentials such as a tablet, wallet, cosmetics, water bottle, clothing, travel accessories, and personal belongings. Multiple exterior pockets offer convenient access to frequently used items, while secure zip closures help keep belongings organized and protected. The adjustable shoulder strap provides comfortable carrying during long journeys and daily commutes. Finished with contrasting leather accents and a versatile contemporary design, this practical bag is ideal for travel, shopping, work, weekend trips, and everyday adventures</p>
<h3>Dimensions</h3>
<ul><li><strong>Height:</strong> 26cm</li><li><strong>Width:</strong> 36cm</li><li><strong>Base:</strong> 12cm</li></ul>",,,Duffle Sling Bag,"Carry-Ons, Duffle Sling Bag, New Arrivals, Color: Ash Grey, color-group:transitus, color:ash-grey",,,,,,,,,,,,0.0,shopify,15,deny,manual,4800.00,,true,true,,,,,,https://cdn.shopify.com/s/files/1/0958/3106/4948/files/1000349604.jpg?v=1769744966,1,Calvium Transitus | Ash Grey,,,,,,,,,,,https://cdn.shopify.com/s/files/1/0958/3106/4948/files/1000349604.jpg?v=1769744966,kg,,,active
calvium-transitus-ash-grey,,,,,,,,,,,,,,,,,,,,,,,,,,,,,,,,https://cdn.shopify.com/s/files/1/0958/3106/4948/files/05_961c3873-b740-45b7-9e5c-152f20a320ee.jpg?v=1769744999,2,Calvium Transitus | Ash Grey,,,,,,,,,,,,,,,
calvium-transitus-ash-grey,,,,,,,,,,,,,,,,,,,,,,,,,,,,,,,,https://cdn.shopify.com/s/files/1/0958/3106/4948/files/01_b9bd32ee-117e-4b0f-9ac4-342be1aa6d19.jpg?v=1769744998,3,Calvium Transitus | Ash Grey,,,,,,,,,,,,,,,
calvium-transitus-ash-grey,,,,,,,,,,,,,,,,,,,,,,,,,,,,,,,,https://cdn.shopify.com/s/files/1/0958/3106/4948/files/06_09f3c1a9-774a-4e5f-a0be-8a0a4bb3926b.jpg?v=1769744999,4,Calvium Transitus | Ash Grey,,,,,,,,,,,,,,,
calvium-transitus-ash-grey,,,,,,,,,,,,,,,,,,,,,,,,,,,,,,,,https://cdn.shopify.com/s/files/1/0958/3106/4948/files/03_1a909e45-7677-4d0b-a092-601f314f7244.jpg?v=1769744999,5,Calvium Transitus | Ash Grey,,,,,,,,,,,,,,,
calvium-transitus-ash-grey,,,,,,,,,,,,,,,,,,,,,,,,,,,,,,,,https://cdn.shopify.com/s/files/1/0958/3106/4948/files/04_a9b26e99-c278-47ee-b773-204d3da3cf38.jpg?v=1769744999,6,Calvium Transitus | Ash Grey,,,,,,,,,,,,,,,
calvium-transitus-golden-khaki,Calvium Transitus | Golden Khaki,"<p>The Calvium Transitus Travel Shoulder Bag combines spacious storage, lightweight comfort, and modern everyday functionality. Designed with a roomy main compartment, it provides ample space for essentials such as a tablet, wallet, cosmetics, water bottle, clothing, travel accessories, and personal belongings. Multiple exterior pockets offer convenient access to frequently used items, while secure zip closures help keep belongings organized and protected. The adjustable shoulder strap provides comfortable carrying during long journeys and daily commutes. Finished with contrasting leather accents and a versatile contemporary design, this practical bag is ideal for travel, shopping, work, weekend trips, and everyday adventures</p>
<h3>Dimensions</h3>
<ul><li><strong>Height:</strong> 26cm</li><li><strong>Width:</strong> 36cm</li><li><strong>Base:</strong> 12cm</li></ul>",Calvium,Luggage & Bags > Duffel Bags > Gym Duffel Bags,Duffle Sling Bag,"Carry-Ons, Duffle Sling Bag, New Arrivals, Color: Golden Khaki, color-group:transitus, color:golden-khaki",true,,,product.metafields.shopify.color-pattern,,,,,,,,0.0,shopify,15,deny,manual,4600.00,,true,true,,,,,,https://cdn.shopify.com/s/files/1/0958/3106/4948/files/1000349579.jpg?v=1769743741,1,Calvium Transitus | Golden Khaki,false,,,,,,,,khaki; sage-green,,https://cdn.shopify.com/s/files/1/0958/3106/4948/files/1000349579.jpg?v=1769743741,kg,,,active
calvium-transitus-golden-khaki,,,,,,,,,,,,,,,,,,,,,,,,,,,,,,,,https://cdn.shopify.com/s/files/1/0958/3106/4948/files/04_3dc01137-7a90-4d8b-b822-0e423dd7f554.jpg?v=1769743775,2,Calvium Transitus | Golden Khaki,,,,,,,,,,,,,,,
calvium-transitus-golden-khaki,,,,,,,,,,,,,,,,,,,,,,,,,,,,,,,,https://cdn.shopify.com/s/files/1/0958/3106/4948/files/05_d2e17fcd-8791-4456-90ce-949e98f399ee.jpg?v=1769743775,3,Calvium Transitus | Golden Khaki,,,,,,,,,,,,,,,
calvium-transitus-golden-khaki,,,,,,,,,,,,,,,,,,,,,,,,,,,,,,,,https://cdn.shopify.com/s/files/1/0958/3106/4948/files/03_0b09741c-4cc0-44c5-a68b-b70a64feca35.jpg?v=1769743775,4,Calvium Transitus | Golden Khaki,,,,,,,,,,,,,,,
calvium-transitus-golden-khaki,,,,,,,,,,,,,,,,,,,,,,,,,,,,,,,,https://cdn.shopify.com/s/files/1/0958/3106/4948/files/02_ea470298-fd2a-4f34-82c2-3bd72061064d.jpg?v=1769743775,5,Calvium Transitus | Golden Khaki,,,,,,,,,,,,,,,
calvium-transitus-morning-sage,Calvium Transitus | Morning Sage,"<p>The Calvium Transitus Travel Shoulder Bag combines spacious storage, lightweight comfort, and modern everyday functionality. Designed with a roomy main compartment, it provides ample space for essentials such as a tablet, wallet, cosmetics, water bottle, clothing, travel accessories, and personal belongings. Multiple exterior pockets offer convenient access to frequently used items, while secure zip closures help keep belongings organized and protected. The adjustable shoulder strap provides comfortable carrying during long journeys and daily commutes. Finished with contrasting leather accents and a versatile contemporary design, this practical bag is ideal for travel, shopping, work, weekend trips, and everyday adventures</p>
<h3>Dimensions</h3>
<ul><li><strong>Height:</strong> 26cm</li><li><strong>Width:</strong> 36cm</li><li><strong>Base:</strong> 12cm</li></ul>",,,Duffle Sling Bag,"Carry-Ons, Duffle Sling Bag, New Arrivals, Color: Morning Sage, color-group:transitus, color:morning-sage",,,,,,,,,,,,0.0,shopify,15,deny,manual,4600.00,,true,true,,,,,,https://cdn.shopify.com/s/files/1/0958/3106/4948/files/04_3dc01137-7a90-4d8b-b822-0e423dd7f554.jpg?v=1769743775,1,Calvium Transitus | Morning Sage,,,,,,,,,,,https://cdn.shopify.com/s/files/1/0958/3106/4948/files/1000349594.jpg?v=1769744564,kg,,,active
calvium-modus-midnight-black,Calvium Modus | Midnight Black,"<p>The Calvium Modus Travelling Sling Bag is designed for convenient, organized, and stylish travel. Its lightweight construction and modern silhouette make it ideal for sightseeing, commuting, airport journeys, and everyday outings. The spacious interior offers room for essentials such as a smartphone, wallet, passport, power bank, cables, sunglasses, and other personal belongings. Multiple compartments and secure zip closures help keep items organized and easily accessible. The adjustable shoulder strap provides comfortable carrying and allows a personalized fit. Finished with refined detailing and a versatile design, this travelling sling bag combines practicality, comfort, and contemporary style for effortless journeys.</p>
<h3>Dimensions</h3>
<ul><li><strong>Height:</strong> 15cm</li><li><strong>Width:</strong> 25cm</li><li><strong>Base:</strong> 8cm</li></ul>",Calvium,"Apparel & Accessories > Handbags, Wallets & Cases > Handbags > Shoulder Bags",Crossbody Bag,"On the Move, Crossbody Bag, New Arrivals, Color: Midnight Black, color-group:modus, color:midnight-black",true,,,product.metafields.shopify.color-pattern,,,,,,,,0.0,shopify,15,deny,manual,3800.00,,true,true,,,,,,https://cdn.shopify.com/s/files/1/0958/3106/4948/files/1000349560.jpg?v=1769742655,1,Calvium Modus | Midnight Black,false,,,,,,,,black; green; grey,,https://cdn.shopify.com/s/files/1/0958/3106/4948/files/1000349560.jpg?v=1769742655,kg,,,active
calvium-modus-midnight-black,,,,,,,,,,,,,,,,,,,,,,,,,,,,,,,,https://cdn.shopify.com/s/files/1/0958/3106/4948/files/07_01482c88-4471-437b-800f-5641bfcda4c4.jpg?v=1769742677,2,Calvium Modus | Midnight Black,,,,,,,,,,,,,,,
calvium-modus-midnight-black,,,,,,,,,,,,,,,,,,,,,,,,,,,,,,,,https://cdn.shopify.com/s/files/1/0958/3106/4948/files/03_0ff9dcc1-5dfa-4ee9-8438-6f9a65715997.jpg?v=1769742677,3,Calvium Modus | Midnight Black,,,,,,,,,,,,,,,
calvium-modus-midnight-black,,,,,,,,,,,,,,,,,,,,,,,,,,,,,,,,https://cdn.shopify.com/s/files/1/0958/3106/4948/files/04_3ff977d5-aaf0-4f00-a9cb-5cf65b01ae29.jpg?v=1769742677,4,Calvium Modus | Midnight Black,,,,,,,,,,,,,,,
calvium-modus-midnight-black,,,,,,,,,,,,,,,,,,,,,,,,,,,,,,,,https://cdn.shopify.com/s/files/1/0958/3106/4948/files/05_196aa115-684e-412a-a72f-ef21db4e803e.jpg?v=1769742677,5,Calvium Modus | Midnight Black,,,,,,,,,,,,,,,
calvium-modus-midnight-black,,,,,,,,,,,,,,,,,,,,,,,,,,,,,,,,https://cdn.shopify.com/s/files/1/0958/3106/4948/files/06_24d5df05-768b-483b-92ba-edc0738d9176.jpg?v=1769742677,6,Calvium Modus | Midnight Black,,,,,,,,,,,,,,,
calvium-modus-midnight-black,,,,,,,,,,,,,,,,,,,,,,,,,,,,,,,,https://cdn.shopify.com/s/files/1/0958/3106/4948/files/01_4395259a-8ef3-41af-9f4b-1ab01301bf9b.jpg?v=1769742677,7,Calvium Modus | Midnight Black,,,,,,,,,,,,,,,
calvium-modus-forest-green,Calvium Modus | Forest Green,"<p>The Calvium Modus Travelling Sling Bag is designed for convenient, organized, and stylish travel. Its lightweight construction and modern silhouette make it ideal for sightseeing, commuting, airport journeys, and everyday outings. The spacious interior offers room for essentials such as a smartphone, wallet, passport, power bank, cables, sunglasses, and other personal belongings. Multiple compartments and secure zip closures help keep items organized and easily accessible. The adjustable shoulder strap provides comfortable carrying and allows a personalized fit. Finished with refined detailing and a versatile design, this travelling sling bag combines practicality, comfort, and contemporary style for effortless journeys.</p>
<h3>Dimensions</h3>
<ul><li><strong>Height:</strong> 15cm</li><li><strong>Width:</strong> 25cm</li><li><strong>Base:</strong> 8cm</li></ul>",,,Crossbody Bag,"On the Move, Crossbody Bag, New Arrivals, Color: Forest Green, color-group:modus, color:forest-green",,,,,,,,,,,,0.0,shopify,15,deny,manual,3800.00,,true,true,,,,,,https://cdn.shopify.com/s/files/1/0958/3106/4948/files/1000349563.jpg?v=1769742919,1,Calvium Modus | Forest Green,,,,,,,,,,,https://cdn.shopify.com/s/files/1/0958/3106/4948/files/1000349563.jpg?v=1769742919,kg,,,active
calvium-modus-forest-green,,,,,,,,,,,,,,,,,,,,,,,,,,,,,,,,https://cdn.shopify.com/s/files/1/0958/3106/4948/files/01_9f3678f0-37b8-463c-947b-00adeb9d38ef.jpg?v=1769742943,2,Calvium Modus | Forest Green,,,,,,,,,,,,,,,
calvium-modus-forest-green,,,,,,,,,,,,,,,,,,,,,,,,,,,,,,,,https://cdn.shopify.com/s/files/1/0958/3106/4948/files/05_62b6a49c-ea6a-414e-9396-7cbbf49a5601.jpg?v=1769742944,3,Calvium Modus | Forest Green,,,,,,,,,,,,,,,
calvium-modus-forest-green,,,,,,,,,,,,,,,,,,,,,,,,,,,,,,,,https://cdn.shopify.com/s/files/1/0958/3106/4948/files/03_2dda4ad8-48aa-4b5d-b1c8-63762db6207b.jpg?v=1769742944,4,Calvium Modus | Forest Green,,,,,,,,,,,,,,,
calvium-modus-forest-green,,,,,,,,,,,,,,,,,,,,,,,,,,,,,,,,https://cdn.shopify.com/s/files/1/0958/3106/4948/files/06_41996ff5-caac-41f5-a71f-43f6b10bafd1.jpg?v=1769742943,5,Calvium Modus | Forest Green,,,,,,,,,,,,,,,
calvium-modus-forest-green,,,,,,,,,,,,,,,,,,,,,,,,,,,,,,,,https://cdn.shopify.com/s/files/1/0958/3106/4948/files/04_384711c9-9e35-4839-89a5-bcde222a80af.jpg?v=1769742943,6,Calvium Modus | Forest Green,,,,,,,,,,,,,,,
calvium-modus-ash-grey,Calvium Modus | Ash Grey,"<p>The Calvium Modus Travelling Sling Bag is designed for convenient, organized, and stylish travel. Its lightweight construction and modern silhouette make it ideal for sightseeing, commuting, airport journeys, and everyday outings. The spacious interior offers room for essentials such as a smartphone, wallet, passport, power bank, cables, sunglasses, and other personal belongings. Multiple compartments and secure zip closures help keep items organized and easily accessible. The adjustable shoulder strap provides comfortable carrying and allows a personalized fit. Finished with refined detailing and a versatile design, this travelling sling bag combines practicality, comfort, and contemporary style for effortless journeys.</p>
<h3>Dimensions</h3>
<ul><li><strong>Height:</strong> 15cm</li><li><strong>Width:</strong> 25cm</li><li><strong>Base:</strong> 8cm</li></ul>",,,Crossbody Bag,"On the Move, Crossbody Bag, New Arrivals, Color: Ash Grey, color-group:modus, color:ash-grey",,,,,,,,,,,,0.0,shopify,15,deny,manual,3800.00,,true,true,,,,,,https://cdn.shopify.com/s/files/1/0958/3106/4948/files/03_ce77349d-c66e-434e-ab85-6333d9ef2ca4.jpg?v=1769743330,1,Calvium Modus | Ash Grey,,,,,,,,,,,https://cdn.shopify.com/s/files/1/0958/3106/4948/files/1000349567.jpg?v=1769743287,kg,,,active
calvium-modus-ash-grey,,,,,,,,,,,,,,,,,,,,,,,,,,,,,,,,https://cdn.shopify.com/s/files/1/0958/3106/4948/files/04_30049faa-95e4-44d7-adb7-c7b993c60e29.jpg?v=1769743330,2,Calvium Modus | Ash Grey,,,,,,,,,,,,,,,
calvium-modus-ash-grey,,,,,,,,,,,,,,,,,,,,,,,,,,,,,,,,https://cdn.shopify.com/s/files/1/0958/3106/4948/files/01_3843091c-adfa-46b4-9950-8ecb16fdfe7e.jpg?v=1769743330,3,Calvium Modus | Ash Grey,,,,,,,,,,,,,,,
calvium-modus-ash-grey,,,,,,,,,,,,,,,,,,,,,,,,,,,,,,,,https://cdn.shopify.com/s/files/1/0958/3106/4948/files/05_9f494e54-e2ab-4424-a8c2-3832d3127be5.jpg?v=1769743330,4,Calvium Modus | Ash Grey,,,,,,,,,,,,,,,
calvium-modus-ash-grey,,,,,,,,,,,,,,,,,,,,,,,,,,,,,,,,https://cdn.shopify.com/s/files/1/0958/3106/4948/files/06_fc023274-b75d-48e1-8faf-be6d176c22fa.jpg?v=1769743330,5,Calvium Modus | Ash Grey,,,,,,,,,,,,,,,
calvium-modus-ash-grey,,,,,,,,,,,,,,,,,,,,,,,,,,,,,,,,https://cdn.shopify.com/s/files/1/0958/3106/4948/files/07_f2bee5d0-f057-4d3f-98e2-9d77570f5c2d.jpg?v=1769743330,6,Calvium Modus | Ash Grey,,,,,,,,,,,,,,,
calvium-columna-golden-khaki,Calvium Columna | Golden Khaki,"<p>The Calvium Columna Leather Tote Bag combines sophisticated design, generous capacity, and everyday functionality. Crafted with a refined textured leather finish, the distinctive geometric panel detailing adds a modern and premium character. Long, sturdy shoulder handles provide comfortable carrying throughout the day, while the spacious interior easily accommodates essentials such as a tablet, wallet, cosmetics, sunglasses, water bottle, documents, and other personal belongings. Its structured silhouette helps maintain an elegant shape and polished appearance. Ideal for office, shopping, travel, meetings, and daily outings, this versatile leather tote bag effortlessly complements both professional attire and sophisticated casual wardrobes with timeless style. .</p>
<h3>Dimensions</h3>
<ul><li><strong>Height:</strong> 28cm</li><li><strong>Width:</strong> 33cm</li><li><strong>Base:</strong> 11cm</li></ul>",Calvium,"Apparel & Accessories > Handbags, Wallets & Cases > Handbags > Shoulder Bags",Shoulder Tote,"Work Ready, Shoulder Tote, New Arrivals, Color: Golden Khaki, color-group:columna, color:golden-khaki",true,,,product.metafields.shopify.color-pattern,,,,,,,,0.0,shopify,15,deny,manual,5500.00,,true,true,,,,,,https://cdn.shopify.com/s/files/1/0958/3106/4948/files/1000349533.jpg?v=1769741703,1,Calvium Columna | Golden Khaki,false,,,,,,,,khaki; tan; mud,,https://cdn.shopify.com/s/files/1/0958/3106/4948/files/1000349533.jpg?v=1769741703,kg,,,active
calvium-columna-golden-khaki,,,,,,,,,,,,,,,,,,,,,,,,,,,,,,,,https://cdn.shopify.com/s/files/1/0958/3106/4948/files/03_9e2a1788-50e6-4d26-aa29-5a65d905d16e.jpg?v=1769741747,2,Calvium Columna | Golden Khaki,,,,,,,,,,,,,,,
calvium-columna-golden-khaki,,,,,,,,,,,,,,,,,,,,,,,,,,,,,,,,https://cdn.shopify.com/s/files/1/0958/3106/4948/files/02_f845aec6-710f-4fa2-9181-bd21180646cf.jpg?v=1769741747,3,Calvium Columna | Golden Khaki,,,,,,,,,,,,,,,
calvium-columna-golden-khaki,,,,,,,,,,,,,,,,,,,,,,,,,,,,,,,,https://cdn.shopify.com/s/files/1/0958/3106/4948/files/05_3d7a17e1-6159-4367-9ae6-846150709ee8.jpg?v=1769741747,4,Calvium Columna | Golden Khaki,,,,,,,,,,,,,,,
calvium-columna-golden-khaki,,,,,,,,,,,,,,,,,,,,,,,,,,,,,,,,https://cdn.shopify.com/s/files/1/0958/3106/4948/files/04_c060d8ce-25b9-4747-9c7d-9b925cdbd4b0.jpg?v=1769741747,5,Calvium Columna | Golden Khaki,,,,,,,,,,,,,,,
calvium-columna-golden-khaki,,,,,,,,,,,,,,,,,,,,,,,,,,,,,,,,https://cdn.shopify.com/s/files/1/0958/3106/4948/files/06_b9aa138a-9210-456c-9483-9883833b0281.jpg?v=1769741747,6,Calvium Columna | Golden Khaki,,,,,,,,,,,,,,,
calvium-columna-river-clay,Calvium Columna | River Clay,"<p>The Calvium Columna Leather Tote Bag combines sophisticated design, generous capacity, and everyday functionality. Crafted with a refined textured leather finish, the distinctive geometric panel detailing adds a modern and premium character. Long, sturdy shoulder handles provide comfortable carrying throughout the day, while the spacious interior easily accommodates essentials such as a tablet, wallet, cosmetics, sunglasses, water bottle, documents, and other personal belongings. Its structured silhouette helps maintain an elegant shape and polished appearance. Ideal for office, shopping, travel, meetings, and daily outings, this versatile leather tote bag effortlessly complements both professional attire and sophisticated casual wardrobes with timeless style. .</p>
<h3>Dimensions</h3>
<ul><li><strong>Height:</strong> 28cm</li><li><strong>Width:</strong> 33cm</li><li><strong>Base:</strong> 11cm</li></ul>",,,Shoulder Tote,"Work Ready, Shoulder Tote, New Arrivals, Color: River Clay, color-group:columna, color:river-clay",,,,,,,,,,,,0.0,shopify,15,deny,manual,5500.00,,true,true,,,,,,https://cdn.shopify.com/s/files/1/0958/3106/4948/files/1000349550.jpg?v=1769742384,1,Calvium Columna | River Clay,,,,,,,,,,,https://cdn.shopify.com/s/files/1/0958/3106/4948/files/1000349550.jpg?v=1769742384,kg,,,active
calvium-columna-river-clay,,,,,,,,,,,,,,,,,,,,,,,,,,,,,,,,https://cdn.shopify.com/s/files/1/0958/3106/4948/files/02_81df6962-a825-4708-a1c6-1fc92c749249.jpg?v=1769742406,2,Calvium Columna | River Clay,,,,,,,,,,,,,,,
calvium-columna-river-clay,,,,,,,,,,,,,,,,,,,,,,,,,,,,,,,,https://cdn.shopify.com/s/files/1/0958/3106/4948/files/04_814a2645-5e8c-4682-b63d-712d6136d09b.jpg?v=1769742406,3,Calvium Columna | River Clay,,,,,,,,,,,,,,,
calvium-columna-river-clay,,,,,,,,,,,,,,,,,,,,,,,,,,,,,,,,https://cdn.shopify.com/s/files/1/0958/3106/4948/files/05_4f160fe7-2c5c-4e2b-a129-87c8903c3f29.jpg?v=1769742406,4,Calvium Columna | River Clay,,,,,,,,,,,,,,,
calvium-columna-river-clay,,,,,,,,,,,,,,,,,,,,,,,,,,,,,,,,https://cdn.shopify.com/s/files/1/0958/3106/4948/files/03_0f33faf4-8599-4ea2-90b9-f3baf23b42da.jpg?v=1769742406,5,Calvium Columna | River Clay,,,,,,,,,,,,,,,
calvium-columna-cognac-tan,Calvium Columna | Cognac Tan,"<p>The Calvium Columna Leather Tote Bag combines sophisticated design, generous capacity, and everyday functionality. Crafted with a refined textured leather finish, the distinctive geometric panel detailing adds a modern and premium character. Long, sturdy shoulder handles provide comfortable carrying throughout the day, while the spacious interior easily accommodates essentials such as a tablet, wallet, cosmetics, sunglasses, water bottle, documents, and other personal belongings. Its structured silhouette helps maintain an elegant shape and polished appearance. Ideal for office, shopping, travel, meetings, and daily outings, this versatile leather tote bag effortlessly complements both professional attire and sophisticated casual wardrobes with timeless style. .</p>
<h3>Dimensions</h3>
<ul><li><strong>Height:</strong> 28cm</li><li><strong>Width:</strong> 33cm</li><li><strong>Base:</strong> 11cm</li></ul>",,,Shoulder Tote,"Work Ready, Shoulder Tote, New Arrivals, Color: Cognac Tan, color-group:columna, color:cognac-tan",,,,,,,,,,,,0.0,shopify,15,deny,manual,5500.00,,true,true,,,,,,https://cdn.shopify.com/s/files/1/0958/3106/4948/files/02_be006512-7205-4a1e-af46-6dab55e0c248.jpg?v=1769741954,1,Calvium Columna | Cognac Tan,,,,,,,,,,,https://cdn.shopify.com/s/files/1/0958/3106/4948/files/1000349537.jpg?v=1769741926,kg,,,active
calvium-columna-cognac-tan,,,,,,,,,,,,,,,,,,,,,,,,,,,,,,,,https://cdn.shopify.com/s/files/1/0958/3106/4948/files/04_ec9cd301-1d0f-474e-8592-7a0e593629d8.jpg?v=1769741954,2,Calvium Columna | Cognac Tan,,,,,,,,,,,,,,,
calvium-columna-cognac-tan,,,,,,,,,,,,,,,,,,,,,,,,,,,,,,,,https://cdn.shopify.com/s/files/1/0958/3106/4948/files/06_f024e92d-4779-4076-bdef-d65b20c1d759.jpg?v=1769741953,3,Calvium Columna | Cognac Tan,,,,,,,,,,,,,,,
calvium-columna-cognac-tan,,,,,,,,,,,,,,,,,,,,,,,,,,,,,,,,https://cdn.shopify.com/s/files/1/0958/3106/4948/files/05_74631923-aa9d-48bb-ae2a-66c42360f055.jpg?v=1769741954,4,Calvium Columna | Cognac Tan,,,,,,,,,,,,,,,
calvium-columna-cognac-tan,,,,,,,,,,,,,,,,,,,,,,,,,,,,,,,,https://cdn.shopify.com/s/files/1/0958/3106/4948/files/03_1215d62f-83b3-4ebf-a06b-28640399784a.jpg?v=1769741954,5,Calvium Columna | Cognac Tan,,,,,,,,,,,,,,,
calvium-sigillum-petite-espresso,Calvium Sigillum Petite | Espresso,"<p>The Calvium Sigillum Petite Handbag combines timeless sophistibelt-inspired front detailing, it creates an elegant and premium appearance. The spacious interior comfortably accommodates daily essentials such as a smartphone, wallet, cosmetics, sunglasses, keys, and small accessories. Sturdy top handles provide comfortable hand carrying, while the detachable adjustable shoulder strap offers versatile shoulder or crossbody styling. Protective metal feet help keep the base secure and clean. Perfect for office wear, shopping, travel, meetings, and special occasions, this handbag effortlessly complements both professional and casual wardrobes.cation with practical everyday functionality. Designed with a structured silhouette, refined textured finish, and distinctive</p>
<h3>Dimensions</h3>
<ul><li><strong>Height:</strong> 19cm</li><li><strong>Width:</strong> 28cm</li><li><strong>Base:</strong> 9cm</li></ul>",,,Compact Sling Bag,"Everyday Icons, Compact Sling Bag, New Arrivals, Color: Espresso, color-group:sigillum-petite, color:espresso",,,,,,,,,,,,0.0,shopify,15,deny,manual,4800.00,,true,true,,,,,,https://cdn.shopify.com/s/files/1/0958/3106/4948/files/1000349378.jpg?v=1769715329,1,Calvium Sigillum Petite | Espresso,,,,,,,,,,,https://cdn.shopify.com/s/files/1/0958/3106/4948/files/1000349378.jpg?v=1769715329,kg,,,active
calvium-sigillum-petite-espresso,,,,,,,,,,,,,,,,,,,,,,,,,,,,,,,,https://cdn.shopify.com/s/files/1/0958/3106/4948/files/06_36e3938a-8206-4c5a-9924-2ee9a3eb8f3f.jpg?v=1769715423,2,Calvium Sigillum Petite | Espresso,,,,,,,,,,,,,,,
calvium-sigillum-petite-espresso,,,,,,,,,,,,,,,,,,,,,,,,,,,,,,,,https://cdn.shopify.com/s/files/1/0958/3106/4948/files/02_a3c789d3-0521-4e22-a128-892a6be0b371.jpg?v=1769715423,3,Calvium Sigillum Petite | Espresso,,,,,,,,,,,,,,,
calvium-sigillum-petite-espresso,,,,,,,,,,,,,,,,,,,,,,,,,,,,,,,,https://cdn.shopify.com/s/files/1/0958/3106/4948/files/03_80ec6c8a-2c73-444b-848e-7365cfa20a06.jpg?v=1769715423,4,Calvium Sigillum Petite | Espresso,,,,,,,,,,,,,,,
calvium-sigillum-petite-espresso,,,,,,,,,,,,,,,,,,,,,,,,,,,,,,,,https://cdn.shopify.com/s/files/1/0958/3106/4948/files/05_e4869163-11fd-4da0-a619-0b9ff13b81b3.jpg?v=1769715423,5,Calvium Sigillum Petite | Espresso,,,,,,,,,,,,,,,
calvium-sigillum-petite-espresso,,,,,,,,,,,,,,,,,,,,,,,,,,,,,,,,https://cdn.shopify.com/s/files/1/0958/3106/4948/files/04_91a7f77b-3398-45c4-b529-1c729ce9f5fa.jpg?v=1769715423,6,Calvium Sigillum Petite | Espresso,,,,,,,,,,,,,,,
calvium-sigillum-petite-golden-khaki,Calvium Sigillum Petite | Golden Khaki,"<p>The Calvium Sigillum Petite Handbag combines timeless sophistibelt-inspired front detailing, it creates an elegant and premium appearance. The spacious interior comfortably accommodates daily essentials such as a smartphone, wallet, cosmetics, sunglasses, keys, and small accessories. Sturdy top handles provide comfortable hand carrying, while the detachable adjustable shoulder strap offers versatile shoulder or crossbody styling. Protective metal feet help keep the base secure and clean. Perfect for office wear, shopping, travel, meetings, and special occasions, this handbag effortlessly complements both professional and casual wardrobes.cation with practical everyday functionality. Designed with a structured silhouette, refined textured finish, and distinctive</p>
<h3>Dimensions</h3>
<ul><li><strong>Height:</strong> 19cm</li><li><strong>Width:</strong> 28cm</li><li><strong>Base:</strong> 9cm</li></ul>",Calvium,"Apparel & Accessories > Handbags, Wallets & Cases > Handbags > Cross Body Bags",Compact Sling Bag,"Everyday Icons, Compact Sling Bag, New Arrivals, Color: Golden Khaki, color-group:sigillum-petite, color:golden-khaki",true,,,product.metafields.shopify.color-pattern,,,,,,,,0.0,shopify,15,deny,manual,4800.00,,true,true,,,,,,https://cdn.shopify.com/s/files/1/0958/3106/4948/files/1000349368.jpg?v=1769715114,1,Calvium Sigillum Petite | Golden Khaki,false,,,,,,,,khaki; wine; coffee,,https://cdn.shopify.com/s/files/1/0958/3106/4948/files/1000349368.jpg?v=1769715114,kg,,,active
calvium-sigillum-petite-golden-khaki,,,,,,,,,,,,,,,,,,,,,,,,,,,,,,,,https://cdn.shopify.com/s/files/1/0958/3106/4948/files/03_e5c1cacd-3ae0-42fa-a317-f90ba909e3ac.jpg?v=1769715141,2,Calvium Sigillum Petite | Golden Khaki,,,,,,,,,,,,,,,
calvium-sigillum-petite-golden-khaki,,,,,,,,,,,,,,,,,,,,,,,,,,,,,,,,https://cdn.shopify.com/s/files/1/0958/3106/4948/files/05_b7b33e78-56f6-43cd-9701-d1ffe473872e.jpg?v=1769715141,3,Calvium Sigillum Petite | Golden Khaki,,,,,,,,,,,,,,,
calvium-sigillum-petite-golden-khaki,,,,,,,,,,,,,,,,,,,,,,,,,,,,,,,,https://cdn.shopify.com/s/files/1/0958/3106/4948/files/02_81fab9a8-7529-4d80-9614-f6c441c35fe9.jpg?v=1769715141,4,Calvium Sigillum Petite | Golden Khaki,,,,,,,,,,,,,,,
calvium-sigillum-petite-golden-khaki,,,,,,,,,,,,,,,,,,,,,,,,,,,,,,,,https://cdn.shopify.com/s/files/1/0958/3106/4948/files/06_669fcd67-1287-4600-bb6b-ea7bdf4d459e.jpg?v=1769715141,5,Calvium Sigillum Petite | Golden Khaki,,,,,,,,,,,,,,,
calvium-sigillum-petite-golden-khaki,,,,,,,,,,,,,,,,,,,,,,,,,,,,,,,,https://cdn.shopify.com/s/files/1/0958/3106/4948/files/04_4b3fdc23-8fe1-4b20-95bb-7e113b3739a9.jpg?v=1769715142,6,Calvium Sigillum Petite | Golden Khaki,,,,,,,,,,,,,,,
calvium-sigillum-petite-bordeaux,Calvium Sigillum Petite | Bordeaux,"<p>The Calvium Sigillum Petite Handbag combines timeless sophistibelt-inspired front detailing, it creates an elegant and premium appearance. The spacious interior comfortably accommodates daily essentials such as a smartphone, wallet, cosmetics, sunglasses, keys, and small accessories. Sturdy top handles provide comfortable hand carrying, while the detachable adjustable shoulder strap offers versatile shoulder or crossbody styling. Protective metal feet help keep the base secure and clean. Perfect for office wear, shopping, travel, meetings, and special occasions, this handbag effortlessly complements both professional and casual wardrobes.cation with practical everyday functionality. Designed with a structured silhouette, refined textured finish, and distinctive</p>
<h3>Dimensions</h3>
<ul><li><strong>Height:</strong> 19cm</li><li><strong>Width:</strong> 28cm</li><li><strong>Base:</strong> 9cm</li></ul>",,,Compact Sling Bag,"Everyday Icons, Compact Sling Bag, New Arrivals, Color: Bordeaux, color-group:sigillum-petite, color:bordeaux",,,,,,,,,,,,0.0,shopify,15,deny,manual,4800.00,,true,true,,,,,,https://cdn.shopify.com/s/files/1/0958/3106/4948/files/04_3eb02200-361c-4898-a9cc-70ab7997eb78.jpg?v=1769715284,1,Calvium Sigillum Petite | Bordeaux,,,,,,,,,,,https://cdn.shopify.com/s/files/1/0958/3106/4948/files/1000349373.jpg?v=1769715264,kg,,,active
calvium-sigillum-petite-bordeaux,,,,,,,,,,,,,,,,,,,,,,,,,,,,,,,,https://cdn.shopify.com/s/files/1/0958/3106/4948/files/06_385d1c34-c9fe-4339-9aa1-badb51acc5ae.jpg?v=1769715284,2,Calvium Sigillum Petite | Bordeaux,,,,,,,,,,,,,,,
calvium-sigillum-petite-bordeaux,,,,,,,,,,,,,,,,,,,,,,,,,,,,,,,,https://cdn.shopify.com/s/files/1/0958/3106/4948/files/02_aaf59719-24f4-4bde-af61-efac287bf13c.jpg?v=1769715284,3,Calvium Sigillum Petite | Bordeaux,,,,,,,,,,,,,,,
calvium-sigillum-petite-bordeaux,,,,,,,,,,,,,,,,,,,,,,,,,,,,,,,,https://cdn.shopify.com/s/files/1/0958/3106/4948/files/05_8d65e193-85ef-4b12-b9a5-2e45ececc80c.jpg?v=1769715284,4,Calvium Sigillum Petite | Bordeaux,,,,,,,,,,,,,,,
calvium-sigillum-petite-bordeaux,,,,,,,,,,,,,,,,,,,,,,,,,,,,,,,,https://cdn.shopify.com/s/files/1/0958/3106/4948/files/03_97c71454-b350-46d0-88a0-9852e02a9d66.jpg?v=1769715284,5,Calvium Sigillum Petite | Bordeaux,,,,,,,,,,,,,,,
calvium-libra-golden-khaki,Calvium Libra | Golden Khaki,"<p>The Calvium Libra Crossbody Bag combines timeless elegance with practical everyday functionality. Featuring a smooth structured silhouette, graceful curved flap, and distinctive metal closure, it delivers a refined and sophisticated appearance. The organized interior offers convenient space for essentials such as a smartphone, compact wallet, cosmetics, keys, cards, and small accessories. Its secure closure helps keep belongings safely stored, while the detachable adjustable shoulder strap allows comfortable shoulder or crossbody carrying. Lightweight and versatile, the Calvium Libra transitions effortlessly from daytime outings to evening occasions, making it an elegant companion for shopping, travel, dinners, celebrations, and everyday use.</p>
<h3>Dimensions</h3>
<ul><li><strong>Height:</strong> 10cm</li><li><strong>Width:</strong> 21cm</li><li><strong>Base:</strong> 9cm</li></ul>",Calvium,"Apparel & Accessories > Handbags, Wallets & Cases > Handbags > Cross Body Bags",Shoulder Bag,"Everyday Icons, Shoulder Bag, New Arrivals, Color: Golden Khaki, color-group:libra, color:golden-khaki",true,,,product.metafields.shopify.color-pattern,,,,,,,,0.0,shopify,15,deny,manual,4000.00,,true,true,,,,,,https://cdn.shopify.com/s/files/1/0958/3106/4948/files/1000349353.jpg?v=1769714504,1,Calvium Libra | Golden Khaki,false,,,,,,,,khaki; tan; wine,,https://cdn.shopify.com/s/files/1/0958/3106/4948/files/1000349353.jpg?v=1769714504,kg,,,active
calvium-libra-golden-khaki,,,,,,,,,,,,,,,,,,,,,,,,,,,,,,,,https://cdn.shopify.com/s/files/1/0958/3106/4948/files/03_1.jpg?v=1769714552,2,Calvium Libra | Golden Khaki,,,,,,,,,,,,,,,
calvium-libra-golden-khaki,,,,,,,,,,,,,,,,,,,,,,,,,,,,,,,,https://cdn.shopify.com/s/files/1/0958/3106/4948/files/06_1.jpg?v=1769714552,3,Calvium Libra | Golden Khaki,,,,,,,,,,,,,,,
calvium-libra-golden-khaki,,,,,,,,,,,,,,,,,,,,,,,,,,,,,,,,https://cdn.shopify.com/s/files/1/0958/3106/4948/files/04_1.jpg?v=1769714552,4,Calvium Libra | Golden Khaki,,,,,,,,,,,,,,,
calvium-libra-golden-khaki,,,,,,,,,,,,,,,,,,,,,,,,,,,,,,,,https://cdn.shopify.com/s/files/1/0958/3106/4948/files/02_1.jpg?v=1769714552,5,Calvium Libra | Golden Khaki,,,,,,,,,,,,,,,
calvium-libra-golden-khaki,,,,,,,,,,,,,,,,,,,,,,,,,,,,,,,,https://cdn.shopify.com/s/files/1/0958/3106/4948/files/05_1.jpg?v=1769714552,6,Calvium Libra | Golden Khaki,,,,,,,,,,,,,,,
calvium-libra-cognac-tan,Calvium Libra | Cognac Tan,"<p>The Calvium Libra Crossbody Bag combines timeless elegance with practical everyday functionality. Featuring a smooth structured silhouette, graceful curved flap, and distinctive metal closure, it delivers a refined and sophisticated appearance. The organized interior offers convenient space for essentials such as a smartphone, compact wallet, cosmetics, keys, cards, and small accessories. Its secure closure helps keep belongings safely stored, while the detachable adjustable shoulder strap allows comfortable shoulder or crossbody carrying. Lightweight and versatile, the Calvium Libra transitions effortlessly from daytime outings to evening occasions, making it an elegant companion for shopping, travel, dinners, celebrations, and everyday use.</p>
<h3>Dimensions</h3>
<ul><li><strong>Height:</strong> 10cm</li><li><strong>Width:</strong> 21cm</li><li><strong>Base:</strong> 9cm</li></ul>",,,Shoulder Bag,"Everyday Icons, Shoulder Bag, New Arrivals, Color: Cognac Tan, color-group:libra, color:cognac-tan",,,,,,,,,,,,0.0,shopify,15,deny,manual,4000.00,,true,true,,,,,,https://cdn.shopify.com/s/files/1/0958/3106/4948/files/1000349346_b241e66a-54d8-497c-b436-164e789bad2a.jpg?v=1769714657,1,Calvium Libra | Cognac Tan,,,,,,,,,,,https://cdn.shopify.com/s/files/1/0958/3106/4948/files/1000349346_b241e66a-54d8-497c-b436-164e789bad2a.jpg?v=1769714657,kg,,,active
calvium-libra-cognac-tan,,,,,,,,,,,,,,,,,,,,,,,,,,,,,,,,https://cdn.shopify.com/s/files/1/0958/3106/4948/files/02_3c2fa658-9030-4db5-9b9b-e650bac94d9d.jpg?v=1769714707,2,Calvium Libra | Cognac Tan,,,,,,,,,,,,,,,
calvium-libra-cognac-tan,,,,,,,,,,,,,,,,,,,,,,,,,,,,,,,,https://cdn.shopify.com/s/files/1/0958/3106/4948/files/03_29db4f9a-524e-4e68-88bb-a7906b88bb9a.jpg?v=1769714707,3,Calvium Libra | Cognac Tan,,,,,,,,,,,,,,,
calvium-libra-cognac-tan,,,,,,,,,,,,,,,,,,,,,,,,,,,,,,,,https://cdn.shopify.com/s/files/1/0958/3106/4948/files/05_f9de873a-4dfa-456b-94ad-99b576d6af76.jpg?v=1769714707,4,Calvium Libra | Cognac Tan,,,,,,,,,,,,,,,
calvium-libra-cognac-tan,,,,,,,,,,,,,,,,,,,,,,,,,,,,,,,,https://cdn.shopify.com/s/files/1/0958/3106/4948/files/06_08be0754-ab2d-4d39-80cf-6d3f09fe2760.jpg?v=1769714707,5,Calvium Libra | Cognac Tan,,,,,,,,,,,,,,,
calvium-libra-cognac-tan,,,,,,,,,,,,,,,,,,,,,,,,,,,,,,,,https://cdn.shopify.com/s/files/1/0958/3106/4948/files/04_b2f0bc28-417e-4580-9756-019a0f93dd13.jpg?v=1769714707,6,Calvium Libra | Cognac Tan,,,,,,,,,,,,,,,
calvium-libra-bordeaux,Calvium Libra | Bordeaux,"<p>The Calvium Libra Crossbody Bag combines timeless elegance with practical everyday functionality. Featuring a smooth structured silhouette, graceful curved flap, and distinctive metal closure, it delivers a refined and sophisticated appearance. The organized interior offers convenient space for essentials such as a smartphone, compact wallet, cosmetics, keys, cards, and small accessories. Its secure closure helps keep belongings safely stored, while the detachable adjustable shoulder strap allows comfortable shoulder or crossbody carrying. Lightweight and versatile, the Calvium Libra transitions effortlessly from daytime outings to evening occasions, making it an elegant companion for shopping, travel, dinners, celebrations, and everyday use.</p>
<h3>Dimensions</h3>
<ul><li><strong>Height:</strong> 10cm</li><li><strong>Width:</strong> 21cm</li><li><strong>Base:</strong> 9cm</li></ul>",,,Shoulder Bag,"Everyday Icons, Shoulder Bag, New Arrivals, Color: Bordeaux, color-group:libra, color:bordeaux",,,,,,,,,,,,0.0,shopify,15,deny,manual,4000.00,,true,true,,,,,,https://cdn.shopify.com/s/files/1/0958/3106/4948/files/1000349363.jpg?v=1769714835,1,Calvium Libra | Bordeaux,,,,,,,,,,,https://cdn.shopify.com/s/files/1/0958/3106/4948/files/1000349363.jpg?v=1769714835,kg,,,active
calvium-libra-bordeaux,,,,,,,,,,,,,,,,,,,,,,,,,,,,,,,,https://cdn.shopify.com/s/files/1/0958/3106/4948/files/06_fe9e78ce-a258-40ce-90c8-c3868701ff50.jpg?v=1769714870,2,Calvium Libra | Bordeaux,,,,,,,,,,,,,,,
calvium-libra-bordeaux,,,,,,,,,,,,,,,,,,,,,,,,,,,,,,,,https://cdn.shopify.com/s/files/1/0958/3106/4948/files/05_be747973-ec71-416a-b2ed-28d5b3914d63.jpg?v=1769714870,3,Calvium Libra | Bordeaux,,,,,,,,,,,,,,,
calvium-libra-bordeaux,,,,,,,,,,,,,,,,,,,,,,,,,,,,,,,,https://cdn.shopify.com/s/files/1/0958/3106/4948/files/02_21203a68-1684-4083-b701-17b85458211a.jpg?v=1769714870,4,Calvium Libra | Bordeaux,,,,,,,,,,,,,,,
calvium-libra-bordeaux,,,,,,,,,,,,,,,,,,,,,,,,,,,,,,,,https://cdn.shopify.com/s/files/1/0958/3106/4948/files/03_4019e0d1-c978-4173-ae04-b3ea1cf49197.jpg?v=1769714870,5,Calvium Libra | Bordeaux,,,,,,,,,,,,,,,
calvium-libra-bordeaux,,,,,,,,,,,,,,,,,,,,,,,,,,,,,,,,https://cdn.shopify.com/s/files/1/0958/3106/4948/files/07_d87b25a8-c56e-4abb-a7fb-c6b5e8f3538e.jpg?v=1769714870,6,Calvium Libra | Bordeaux,,,,,,,,,,,,,,,
calvium-libra-bordeaux,,,,,,,,,,,,,,,,,,,,,,,,,,,,,,,,https://cdn.shopify.com/s/files/1/0958/3106/4948/files/04_61f92994-92c4-4e9f-8629-e12b2747f3fa.jpg?v=1769714870,7,Calvium Libra | Bordeaux,,,,,,,,,,,,,,,
calvium-vector,Calvium Vector,"<p>The Calvium Vector Mini Handbag combines contemporary design with compact everyday functionality. Designed in a small size, it features a distinctive asymmetric flap, textured finish, structured silhouette, and refined detailing for a modern, sophisticated appearance. The compact interior provides convenient space for essentials such as a smartphone, small wallet, keys, cosmetics, cards, and accessories. This handbag comes with two detachable belts, offering versatile carrying options to complement different outfits and occasions. Carry it elegantly by hand, over the shoulder, or as a crossbody bag. Lightweight and stylish, it is perfect for shopping, travel, dinners, casual outings, and everyday use.</p>
<h3>Dimensions</h3>
<ul><li><strong>Height:</strong> 13cm</li><li><strong>Width:</strong> 21cm</li><li><strong>Base:</strong> 7cm</li></ul>",Calvium,"Apparel & Accessories > Handbags, Wallets & Cases > Handbags > Cross Body Bags",Unisex Crossbody Bag,"On the Move, Unisex Crossbody Bag, New Arrivals, color-group:vector",true,,,,,,,,,,,0.0,shopify,15,deny,manual,4000.00,,true,true,,,,,,https://cdn.shopify.com/s/files/1/0958/3106/4948/files/01_1f296fb8-6119-4fda-9105-665699157dc5.jpg?v=1770628421,1,,false,,,,,,,,,,,kg,,,active
calvium-vector,,,,,,,,,,,,,,,,,,,,,,,,,,,,,,,,https://cdn.shopify.com/s/files/1/0958/3106/4948/files/02_f0c77b2a-3891-47ad-809a-a0b4965f15cc.jpg?v=1770628421,2,,,,,,,,,,,,,,,,
calvium-vector,,,,,,,,,,,,,,,,,,,,,,,,,,,,,,,,https://cdn.shopify.com/s/files/1/0958/3106/4948/files/06_4534f555-9885-422b-a7c0-cf10a07971df.jpg?v=1770628421,3,,,,,,,,,,,,,,,,
calvium-vector,,,,,,,,,,,,,,,,,,,,,,,,,,,,,,,,https://cdn.shopify.com/s/files/1/0958/3106/4948/files/03_694a6e7b-43fb-4aea-b4e1-48b4c694c16d.jpg?v=1770628421,4,,,,,,,,,,,,,,,,
calvium-vector,,,,,,,,,,,,,,,,,,,,,,,,,,,,,,,,https://cdn.shopify.com/s/files/1/0958/3106/4948/files/05_3a0fbe58-954d-4201-8e49-40a0a8cefca5.jpg?v=1770628421,5,,,,,,,,,,,,,,,,
calvium-vector,,,,,,,,,,,,,,,,,,,,,,,,,,,,,,,,https://cdn.shopify.com/s/files/1/0958/3106/4948/files/04_08012656-5437-4834-bbd7-a691e6fafcba.jpg?v=1769714113,6,,,,,,,,,,,,,,,,
calvium-axis,Calvium Axis,"<p>Discover the perfect blend of style and versatility with our small yet spacious leather sling<br>bag. Crafted from exquisitely textured genuine leather, its compact design makes it ideal for<br>everyday elegance. This chic bag comes with two interchangeable straps, offering multiple ways<br>to wear it—across the body or on the shoulder. Its sophisticated silhouette and premium feel<br>elevate any outfit, making it a must-have accessory for seamless transitions from day to night.<br>Experience effortless luxury and practical design in one beautiful package.</p>
<h3>Dimensions:</h3>
<ul>
<li>Height: 12 cm</li>
<li>Width: 20 cm</li>
<li>Base: 6 cm</li>
</ul>",Calvium,"Apparel & Accessories > Handbags, Wallets & Cases > Handbags > Cross Body Bags",Crossbody Bag,"On the Move, Crossbody Bag, New Arrivals, color-group:axis",true,,,,,,,,,,,0.0,shopify,15,deny,manual,4000.00,,true,true,,,,,,https://cdn.shopify.com/s/files/1/0958/3106/4948/files/01_b32b382f-c525-46b7-87e0-4ff51b36d536.jpg?v=1770628294,1,,false,,,,,,,,,,,kg,,,active
calvium-axis,,,,,,,,,,,,,,,,,,,,,,,,,,,,,,,,https://cdn.shopify.com/s/files/1/0958/3106/4948/files/02_6f34eb6e-da4f-4686-9b62-312d3041c654.jpg?v=1770628294,2,,,,,,,,,,,,,,,,
calvium-axis,,,,,,,,,,,,,,,,,,,,,,,,,,,,,,,,https://cdn.shopify.com/s/files/1/0958/3106/4948/files/03_0b6c0ced-94ff-4aa3-8016-1a225e15cdce.jpg?v=1770628294,3,,,,,,,,,,,,,,,,
calvium-axis,,,,,,,,,,,,,,,,,,,,,,,,,,,,,,,,https://cdn.shopify.com/s/files/1/0958/3106/4948/files/05_df703dd5-9c60-4f9b-b055-065c13ad392a.jpg?v=1770628294,4,,,,,,,,,,,,,,,,
calvium-axis,,,,,,,,,,,,,,,,,,,,,,,,,,,,,,,,https://cdn.shopify.com/s/files/1/0958/3106/4948/files/07_4f5fe227-f7ce-43d7-8ee3-db1e14e7df72.jpg?v=1770628294,5,,,,,,,,,,,,,,,,
calvium-axis,,,,,,,,,,,,,,,,,,,,,,,,,,,,,,,,https://cdn.shopify.com/s/files/1/0958/3106/4948/files/04_495fee87-9bce-4283-af00-ba6fe5ac02f0.jpg?v=1770628294,6,,,,,,,,,,,,,,,,
calvium-plico-midnight-black,Calvium Plico | Midnight Black,"<p>The Calvium Plico Crossbody Bag blends refined elegance with versatile everyday functionality. Its sleek silhouette, polished finish, subtle metal accents, and distinctive patterned strap create a sophisticated look that stands out effortlessly. The spacious interior provides room for your phone, wallet, keys, accessories, and daily essentials, while the rear zipper pocket keeps frequently used items easily accessible. Interchangeable straps offer flexible styling options, allowing you to switch between classic and statement looks. Protective metal feet add practical detailing. Available in Black, Brown, Tan, and Wine, the Plico is designed to elevate workdays, travel, shopping, and everyday outings.</p>
<h3>Dimensions</h3>
<ul><li><strong>Height:</strong> 15cm</li><li><strong>Width:</strong> 23cm</li><li><strong>base:</strong> 8cm</li></ul>",,,Crossbody Bag,"On the Move, Crossbody Bag, New Arrivals, Color: Midnight Black, color-group:plico, color:midnight-black",,,,,,,,,,,,0.0,shopify,10,deny,manual,4200.00,,true,true,,,,,,https://cdn.shopify.com/s/files/1/0958/3106/4948/files/01_bbd20fda-e73d-478b-8aaf-f01277ba8e28.jpg?v=1769691518,1,Calvium Plico | Midnight Black,,,,,,,,,,,https://cdn.shopify.com/s/files/1/0958/3106/4948/files/02_c0d2820f-2067-4a71-b72c-e2ca25b4a0b9.jpg?v=1769691491,kg,,,active
calvium-plico-midnight-black,,,,,,,,,,,,,,,,,,,,,,,,,,,,,,,,https://cdn.shopify.com/s/files/1/0958/3106/4948/files/03_a3377269-f746-4bcc-b357-45c4e7aa9ecc.jpg?v=1769691517,2,Calvium Plico | Midnight Black,,,,,,,,,,,,,,,
calvium-plico-midnight-black,,,,,,,,,,,,,,,,,,,,,,,,,,,,,,,,https://cdn.shopify.com/s/files/1/0958/3106/4948/files/04_1b4815dd-270d-47ea-8b79-0124ae71b54b.jpg?v=1769691518,3,Calvium Plico | Midnight Black,,,,,,,,,,,,,,,
calvium-plico-midnight-black,,,,,,,,,,,,,,,,,,,,,,,,,,,,,,,,https://cdn.shopify.com/s/files/1/0958/3106/4948/files/05_c7833c2e-1d00-4100-9bab-f9e683af00a0.jpg?v=1769691518,4,Calvium Plico | Midnight Black,,,,,,,,,,,,,,,
calvium-plico-midnight-black,,,,,,,,,,,,,,,,,,,,,,,,,,,,,,,,https://cdn.shopify.com/s/files/1/0958/3106/4948/files/06_0a640f09-ecbf-422e-8b3e-39d4b6586af4.jpg?v=1769691518,5,Calvium Plico | Midnight Black,,,,,,,,,,,,,,,
calvium-plico-havana-brown,Calvium Plico | Havana Brown,"<p>The Calvium Plico Crossbody Bag blends refined elegance with versatile everyday functionality. Its sleek silhouette, polished finish, subtle metal accents, and distinctive patterned strap create a sophisticated look that stands out effortlessly. The spacious interior provides room for your phone, wallet, keys, accessories, and daily essentials, while the rear zipper pocket keeps frequently used items easily accessible. Interchangeable straps offer flexible styling options, allowing you to switch between classic and statement looks. Protective metal feet add practical detailing. Available in Black, Brown, Tan, and Wine, the Plico is designed to elevate workdays, travel, shopping, and everyday outings.</p>
<h3>Dimensions</h3>
<ul><li><strong>Height:</strong> 15cm</li><li><strong>Width:</strong> 23cm</li><li><strong>base:</strong> 8cm</li></ul>",Calvium,Office Supplies > Shipping Supplies > Packing Materials,Crossbody Bag,"On the Move, Crossbody Bag, New Arrivals, Color: Havana Brown, color-group:plico, color:havana-brown",true,,,product.metafields.shopify.color-pattern,,,,,,,,0.0,shopify,10,deny,manual,4200.00,,true,true,,,,,,https://cdn.shopify.com/s/files/1/0958/3106/4948/files/01_ae1cacd1-8732-4a85-91e1-b898d1c60288.jpg?v=1769691362,1,Calvium Plico | Havana Brown,false,,,,,,,,brown; black; tan; wine,,https://cdn.shopify.com/s/files/1/0958/3106/4948/files/01_ae1cacd1-8732-4a85-91e1-b898d1c60288.jpg?v=1769691362,kg,,,active
calvium-plico-havana-brown,,,,,,,,,,,,,,,,,,,,,,,,,,,,,,,,https://cdn.shopify.com/s/files/1/0958/3106/4948/files/06_6c1a6c7c-fd5c-40c3-9f3b-5235c52ced0b.jpg?v=1769691397,2,Calvium Plico | Havana Brown,,,,,,,,,,,,,,,
calvium-plico-havana-brown,,,,,,,,,,,,,,,,,,,,,,,,,,,,,,,,https://cdn.shopify.com/s/files/1/0958/3106/4948/files/02_3870498a-815c-4567-8a0e-527787116c98.jpg?v=1769691397,3,Calvium Plico | Havana Brown,,,,,,,,,,,,,,,
calvium-plico-havana-brown,,,,,,,,,,,,,,,,,,,,,,,,,,,,,,,,https://cdn.shopify.com/s/files/1/0958/3106/4948/files/03_debb5471-103a-47ac-8e16-836086e81c83.jpg?v=1769691397,4,Calvium Plico | Havana Brown,,,,,,,,,,,,,,,
calvium-plico-havana-brown,,,,,,,,,,,,,,,,,,,,,,,,,,,,,,,,https://cdn.shopify.com/s/files/1/0958/3106/4948/files/04_1299f72b-f8b9-46a5-8b21-5deeb0d46281.jpg?v=1769691397,5,Calvium Plico | Havana Brown,,,,,,,,,,,,,,,
calvium-plico-havana-brown,,,,,,,,,,,,,,,,,,,,,,,,,,,,,,,,https://cdn.shopify.com/s/files/1/0958/3106/4948/files/05_1dc6abae-f822-4f23-b73a-13cec244ba9f.jpg?v=1769691397,6,Calvium Plico | Havana Brown,,,,,,,,,,,,,,,
calvium-plico-cognac-tan,Calvium Plico | Cognac Tan,"<p>The Calvium Plico Crossbody Bag blends refined elegance with versatile everyday functionality. Its sleek silhouette, polished finish, subtle metal accents, and distinctive patterned strap create a sophisticated look that stands out effortlessly. The spacious interior provides room for your phone, wallet, keys, accessories, and daily essentials, while the rear zipper pocket keeps frequently used items easily accessible. Interchangeable straps offer flexible styling options, allowing you to switch between classic and statement looks. Protective metal feet add practical detailing. Available in Black, Brown, Tan, and Wine, the Plico is designed to elevate workdays, travel, shopping, and everyday outings.</p>
<h3>Dimensions</h3>
<ul><li><strong>Height:</strong> 15cm</li><li><strong>Width:</strong> 23cm</li><li><strong>base:</strong> 8cm</li></ul>",,,Crossbody Bag,"On the Move, Crossbody Bag, New Arrivals, Color: Cognac Tan, color-group:plico, color:cognac-tan",,,,,,,,,,,,0.0,shopify,10,deny,manual,4200.00,,true,true,,,,,,https://cdn.shopify.com/s/files/1/0958/3106/4948/files/01_9053e144-bd3e-401a-b226-00f3e26e7559.jpg?v=1769691600,1,Calvium Plico | Cognac Tan,,,,,,,,,,,https://cdn.shopify.com/s/files/1/0958/3106/4948/files/01_9053e144-bd3e-401a-b226-00f3e26e7559.jpg?v=1769691600,kg,,,active
calvium-plico-cognac-tan,,,,,,,,,,,,,,,,,,,,,,,,,,,,,,,,https://cdn.shopify.com/s/files/1/0958/3106/4948/files/06_e278700b-fe2f-43d6-9c62-fdf5c81fc238.jpg?v=1769691625,2,Calvium Plico | Cognac Tan,,,,,,,,,,,,,,,
calvium-plico-cognac-tan,,,,,,,,,,,,,,,,,,,,,,,,,,,,,,,,https://cdn.shopify.com/s/files/1/0958/3106/4948/files/07_04c17417-c9ac-4ff5-a249-37569867d30c.jpg?v=1769691625,3,Calvium Plico | Cognac Tan,,,,,,,,,,,,,,,
calvium-plico-cognac-tan,,,,,,,,,,,,,,,,,,,,,,,,,,,,,,,,https://cdn.shopify.com/s/files/1/0958/3106/4948/files/02_ec24c27f-a4b3-46aa-988f-a63ca52a72f7.jpg?v=1769691625,4,Calvium Plico | Cognac Tan,,,,,,,,,,,,,,,
calvium-plico-cognac-tan,,,,,,,,,,,,,,,,,,,,,,,,,,,,,,,,https://cdn.shopify.com/s/files/1/0958/3106/4948/files/03_7c46f617-9765-44fd-af2b-a6ee0b2d97aa.jpg?v=1769691625,5,Calvium Plico | Cognac Tan,,,,,,,,,,,,,,,
calvium-plico-cognac-tan,,,,,,,,,,,,,,,,,,,,,,,,,,,,,,,,https://cdn.shopify.com/s/files/1/0958/3106/4948/files/04_bffc1c80-25f2-4732-941d-fd8136de351d.jpg?v=1769691625,6,Calvium Plico | Cognac Tan,,,,,,,,,,,,,,,
calvium-plico-cognac-tan,,,,,,,,,,,,,,,,,,,,,,,,,,,,,,,,https://cdn.shopify.com/s/files/1/0958/3106/4948/files/05_79dc1ea8-dce6-4a1c-bed1-92482be35ecc.jpg?v=1769691625,7,Calvium Plico | Cognac Tan,,,,,,,,,,,,,,,
calvium-plico-bordeaux,Calvium Plico | Bordeaux,"<p>The Calvium Plico Crossbody Bag blends refined elegance with versatile everyday functionality. Its sleek silhouette, polished finish, subtle metal accents, and distinctive patterned strap create a sophisticated look that stands out effortlessly. The spacious interior provides room for your phone, wallet, keys, accessories, and daily essentials, while the rear zipper pocket keeps frequently used items easily accessible. Interchangeable straps offer flexible styling options, allowing you to switch between classic and statement looks. Protective metal feet add practical detailing. Available in Black, Brown, Tan, and Wine, the Plico is designed to elevate workdays, travel, shopping, and everyday outings.</p>
<h3>Dimensions</h3>
<ul><li><strong>Height:</strong> 15cm</li><li><strong>Width:</strong> 23cm</li><li><strong>base:</strong> 8cm</li></ul>",,,Crossbody Bag,"On the Move, Crossbody Bag, New Arrivals, Color: Bordeaux, color-group:plico, color:bordeaux",,,,,,,,,,,,0.0,shopify,10,deny,manual,4200.00,,true,true,,,,,,https://cdn.shopify.com/s/files/1/0958/3106/4948/files/01_768523d9-4571-44bb-a1fa-a4f5622fee77.jpg?v=1769691726,1,Calvium Plico | Bordeaux,,,,,,,,,,,https://cdn.shopify.com/s/files/1/0958/3106/4948/files/01_768523d9-4571-44bb-a1fa-a4f5622fee77.jpg?v=1769691726,kg,,,active
calvium-plico-bordeaux,,,,,,,,,,,,,,,,,,,,,,,,,,,,,,,,https://cdn.shopify.com/s/files/1/0958/3106/4948/files/06_9ec94a51-eef7-494d-a938-5164c978edf7.jpg?v=1769691753,2,Calvium Plico | Bordeaux,,,,,,,,,,,,,,,
calvium-plico-bordeaux,,,,,,,,,,,,,,,,,,,,,,,,,,,,,,,,https://cdn.shopify.com/s/files/1/0958/3106/4948/files/07_3e617af9-b01a-4d2e-a815-5fbbf284c695.jpg?v=1769691754,3,Calvium Plico | Bordeaux,,,,,,,,,,,,,,,
calvium-plico-bordeaux,,,,,,,,,,,,,,,,,,,,,,,,,,,,,,,,https://cdn.shopify.com/s/files/1/0958/3106/4948/files/02_a094892d-d2a6-4c5f-94da-ef872c562abb.jpg?v=1769691754,4,Calvium Plico | Bordeaux,,,,,,,,,,,,,,,
calvium-plico-bordeaux,,,,,,,,,,,,,,,,,,,,,,,,,,,,,,,,https://cdn.shopify.com/s/files/1/0958/3106/4948/files/03_96d20c69-b73f-4216-a102-64472916db91.jpg?v=1769691754,5,Calvium Plico | Bordeaux,,,,,,,,,,,,,,,
calvium-plico-bordeaux,,,,,,,,,,,,,,,,,,,,,,,,,,,,,,,,https://cdn.shopify.com/s/files/1/0958/3106/4948/files/04_8ad8e0d6-00b2-446d-bf84-b73320c5a5bd.jpg?v=1769691753,6,Calvium Plico | Bordeaux,,,,,,,,,,,,,,,
calvium-plico-bordeaux,,,,,,,,,,,,,,,,,,,,,,,,,,,,,,,,https://cdn.shopify.com/s/files/1/0958/3106/4948/files/05_8f10ea61-85bc-492c-a853-269b42b0f4a0.jpg?v=1769691754,7,Calvium Plico | Bordeaux,,,,,,,,,,,,,,,
calvium-orb-midnight-black,Calvium Orb | Midnight Black,"<p>The Calvium Orb Mini Crossbody Bag combines minimalist elegance with practical everyday functionality. Designed in a compact size, it features a textured finish, structured silhouette, secure top zipper, and stylish button-tab detail for a refined appearance. The organized interior offers convenient space for essentials such as a smartphone, compact wallet, keys, cosmetics, and small accessories. An exterior pocket provides additional storage for frequently used items. The protective metal feet help reduce wear on the base, while the detachable adjustable shoulder strap allows comfortable crossbody or shoulder carrying. Perfect for shopping, travel, casual outings, dinners, and everyday use.</p>
<h3>Dimensions</h3>
<ul><li><strong>Height:</strong> 17cm</li><li><strong>Width:</strong> 17cm</li><li><strong>Base:</strong> 10cm</li></ul>",Calvium,"Apparel & Accessories > Handbags, Wallets & Cases > Handbags > Cross Body Bags",Round Crossbody Bag,"Day to Night, Round Crossbody Bag, New Arrivals, Color: Midnight Black, color-group:orb, color:midnight-black",true,,,product.metafields.shopify.color-pattern,,,,,,,,0.0,shopify,15,deny,manual,4000.00,,true,true,,,,,,https://cdn.shopify.com/s/files/1/0958/3106/4948/files/1000349318.jpg?v=1769713508,1,Calvium Orb | Midnight Black,false,,,,,,,,black; mud,,https://cdn.shopify.com/s/files/1/0958/3106/4948/files/1000349318.jpg?v=1769713508,kg,,,active
calvium-orb-midnight-black,,,,,,,,,,,,,,,,,,,,,,,,,,,,,,,,https://cdn.shopify.com/s/files/1/0958/3106/4948/files/05_b414115c-d1ac-4402-a56f-a2fd7cad3d99.jpg?v=1769713530,2,Calvium Orb | Midnight Black,,,,,,,,,,,,,,,
calvium-orb-midnight-black,,,,,,,,,,,,,,,,,,,,,,,,,,,,,,,,https://cdn.shopify.com/s/files/1/0958/3106/4948/files/02_b7d5bafd-6a87-46cc-816b-9520f2edf1a1.jpg?v=1769713530,3,Calvium Orb | Midnight Black,,,,,,,,,,,,,,,
calvium-orb-midnight-black,,,,,,,,,,,,,,,,,,,,,,,,,,,,,,,,https://cdn.shopify.com/s/files/1/0958/3106/4948/files/04_bf703175-b1ca-4296-be3a-91b3206553f2.jpg?v=1769713530,4,Calvium Orb | Midnight Black,,,,,,,,,,,,,,,
calvium-orb-midnight-black,,,,,,,,,,,,,,,,,,,,,,,,,,,,,,,,https://cdn.shopify.com/s/files/1/0958/3106/4948/files/03_ed3c7965-0e18-48c9-8d0d-c55ca34b7e76.jpg?v=1769713530,5,Calvium Orb | Midnight Black,,,,,,,,,,,,,,,
calvium-orb-midnight-black,,,,,,,,,,,,,,,,,,,,,,,,,,,,,,,,https://cdn.shopify.com/s/files/1/0958/3106/4948/files/06_bc6c917f-23bc-4914-9ea3-63895c503e36.jpg?v=1769713530,6,Calvium Orb | Midnight Black,,,,,,,,,,,,,,,
calvium-orb-river-clay,Calvium Orb | River Clay,"<p>The Calvium Orb Mini Crossbody Bag combines minimalist elegance with practical everyday functionality. Designed in a compact size, it features a textured finish, structured silhouette, secure top zipper, and stylish button-tab detail for a refined appearance. The organized interior offers convenient space for essentials such as a smartphone, compact wallet, keys, cosmetics, and small accessories. An exterior pocket provides additional storage for frequently used items. The protective metal feet help reduce wear on the base, while the detachable adjustable shoulder strap allows comfortable crossbody or shoulder carrying. Perfect for shopping, travel, casual outings, dinners, and everyday use.</p>
<h3>Dimensions</h3>
<ul><li><strong>Height:</strong> 17cm</li><li><strong>Width:</strong> 17cm</li><li><strong>Base:</strong> 10cm</li></ul>",,,Round Crossbody Bag,"Day to Night, Round Crossbody Bag, New Arrivals, Color: River Clay, color-group:orb, color:river-clay",,,,,,,,,,,,0.0,shopify,15,deny,manual,4000.00,,true,true,,,,,,https://cdn.shopify.com/s/files/1/0958/3106/4948/files/1000349323.jpg?v=1769713656,1,Calvium Orb | River Clay,,,,,,,,,,,https://cdn.shopify.com/s/files/1/0958/3106/4948/files/1000349323.jpg?v=1769713656,kg,,,active
calvium-orb-river-clay,,,,,,,,,,,,,,,,,,,,,,,,,,,,,,,,https://cdn.shopify.com/s/files/1/0958/3106/4948/files/06_2cb768d4-0ad2-4c1d-b8c6-0865ba805bde.jpg?v=1769713680,2,Calvium Orb | River Clay,,,,,,,,,,,,,,,
calvium-orb-river-clay,,,,,,,,,,,,,,,,,,,,,,,,,,,,,,,,https://cdn.shopify.com/s/files/1/0958/3106/4948/files/03_4396203d-f90e-45ac-a7c3-ffd6e262708c.jpg?v=1769713680,3,Calvium Orb | River Clay,,,,,,,,,,,,,,,
calvium-orb-river-clay,,,,,,,,,,,,,,,,,,,,,,,,,,,,,,,,https://cdn.shopify.com/s/files/1/0958/3106/4948/files/01_00e0a783-d4bc-4192-aaee-569dd96f7d5c.jpg?v=1769713679,4,Calvium Orb | River Clay,,,,,,,,,,,,,,,
calvium-orb-river-clay,,,,,,,,,,,,,,,,,,,,,,,,,,,,,,,,https://cdn.shopify.com/s/files/1/0958/3106/4948/files/05_1c674d59-d347-4534-971c-4d7208b18109.jpg?v=1769713680,5,Calvium Orb | River Clay,,,,,,,,,,,,,,,
calvium-orb-river-clay,,,,,,,,,,,,,,,,,,,,,,,,,,,,,,,,https://cdn.shopify.com/s/files/1/0958/3106/4948/files/04_6240a6c3-f4e0-41c6-b516-6a3d89c2b884.jpg?v=1769713680,6,Calvium Orb | River Clay,,,,,,,,,,,,,,,
calvium-tessera-morning-sage,Calvium Tessera | Morning Sage,"<p>The Calvium Tessera Mini Crossbody Bag is a compact and elegant accessory designed for effortless everyday style. Its textured finish, structured silhouette, contrasting strap detail, and refined hardware create a sophisticated, modern appearance. Despite its small size, the organized interior provides convenient space for essentials such as a smartphone, compact wallet, keys, cosmetics, and small accessories. The secure flap closure and exterior zip pocket offer added convenience and easy access. Complete with a detachable adjustable shoulder strap, it can be comfortably worn crossbody or over the shoulder. Perfect for shopping, travel, casual outings, dinners, and everyday use.</p>
<h3>Dimensions</h3>
<ul><li><strong>Height:</strong> 12cm</li><li><strong>Width:</strong> 18cm</li><li><strong>Base:</strong> 6 cm</li></ul>",Calvium,"Apparel & Accessories > Handbags, Wallets & Cases > Handbags > Cross Body Bags",Pebble Crossbody Bag,"Everyday Icons, Pebble Crossbody Bag, New Arrivals, Color: Morning Sage, color-group:tessera, color:morning-sage",true,,,product.metafields.shopify.color-pattern,,,,,,,,0.0,shopify,15,deny,manual,3100.00,,true,true,,,,,,https://cdn.shopify.com/s/files/1/0958/3106/4948/files/1000349302.jpg?v=1769713091,1,Calvium Tessera | Morning Sage,false,,,,,,,,sage-green; white,,https://cdn.shopify.com/s/files/1/0958/3106/4948/files/1000349302.jpg?v=1769713091,kg,,,active
calvium-tessera-ivory-cream,Calvium Tessera | Ivory Cream,"<p>The Calvium Tessera Mini Crossbody Bag is a compact and elegant accessory designed for effortless everyday style. Its textured finish, structured silhouette, contrasting strap detail, and refined hardware create a sophisticated, modern appearance. Despite its small size, the organized interior provides convenient space for essentials such as a smartphone, compact wallet, keys, cosmetics, and small accessories. The secure flap closure and exterior zip pocket offer added convenience and easy access. Complete with a detachable adjustable shoulder strap, it can be comfortably worn crossbody or over the shoulder. Perfect for shopping, travel, casual outings, dinners, and everyday use.</p>
<h3>Dimensions</h3>
<ul><li><strong>Height:</strong> 12cm</li><li><strong>Width:</strong> 18cm</li><li><strong>Base:</strong> 6 cm</li></ul>",,,Pebble Crossbody Bag,"Everyday Icons, Pebble Crossbody Bag, New Arrivals, Color: Ivory Cream, color-group:tessera, color:ivory-cream",,,,,,,,,,,,0.0,shopify,15,deny,manual,3100.00,,true,true,,,,,,https://cdn.shopify.com/s/files/1/0958/3106/4948/files/1000349314.jpg?v=1769713254,1,Calvium Tessera | Ivory Cream,,,,,,,,,,,https://cdn.shopify.com/s/files/1/0958/3106/4948/files/1000349314.jpg?v=1769713254,kg,,,active
calvium-tessera-ivory-cream,,,,,,,,,,,,,,,,,,,,,,,,,,,,,,,,https://cdn.shopify.com/s/files/1/0958/3106/4948/files/05_16f7977b-05db-48fb-acb5-9f3f2d0d80c5.jpg?v=1769713285,2,Calvium Tessera | Ivory Cream,,,,,,,,,,,,,,,
calvium-tessera-ivory-cream,,,,,,,,,,,,,,,,,,,,,,,,,,,,,,,,https://cdn.shopify.com/s/files/1/0958/3106/4948/files/06_6840a7c5-7117-4383-9e9d-c0f013e26c37.jpg?v=1769713286,3,Calvium Tessera | Ivory Cream,,,,,,,,,,,,,,,
calvium-tessera-ivory-cream,,,,,,,,,,,,,,,,,,,,,,,,,,,,,,,,https://cdn.shopify.com/s/files/1/0958/3106/4948/files/03_b2770a8f-696c-4cd9-b6d6-1f262f8c2501.jpg?v=1769713286,4,Calvium Tessera | Ivory Cream,,,,,,,,,,,,,,,
calvium-tessera-ivory-cream,,,,,,,,,,,,,,,,,,,,,,,,,,,,,,,,https://cdn.shopify.com/s/files/1/0958/3106/4948/files/04_906b0f01-c812-4fc9-9534-fea7ac47ef30.jpg?v=1769713286,5,Calvium Tessera | Ivory Cream,,,,,,,,,,,,,,,
calvium-tessera-ivory-cream,,,,,,,,,,,,,,,,,,,,,,,,,,,,,,,,https://cdn.shopify.com/s/files/1/0958/3106/4948/files/02_bcf7bfd1-c7f1-4f78-b2f2-dab52a05ba2d.jpg?v=1769713286,6,Calvium Tessera | Ivory Cream,,,,,,,,,,,,,,,
calvium-gemina-midnight-black,Calvium Gemina | Midnight Black,"<p>The Calvium Gemina Mini Handbag is a sophisticated compact accessory designed for women who appreciate elegance and everyday practicality. Its structured silhouette, textured finish, curved flap, contrasting details, and refined hardware create a timeless premium appearance. Despite its small size, the organized interior provides convenient space for essentials such as a smartphone, wallet, keys, sunglasses, cosmetics, and small accessories. Carry it gracefully using the elegant top handle or attach the detachable shoulder strap for comfortable crossbody styling. Lightweight, versatile, and easy to carry, this mini handbag is perfect for shopping, casual outings, dinners, travel, and special occasions.</p>
<h3>Dimensions</h3>
<ul><li><strong>Height:</strong> 14cm</li><li><strong>Width:</strong> 19cm</li><li><strong>base:</strong> 7 cm]</li></ul>",Calvium,"Apparel & Accessories > Handbags, Wallets & Cases > Handbags > Cross Body Bags",Crossbody Bag,"Everyday Icons, Crossbody Bag, New Arrivals, Color: Midnight Black, color-group:gemina, color:midnight-black",true,,,product.metafields.shopify.color-pattern,,,,,,,,0.0,shopify,15,deny,manual,3400.00,,true,true,,,,,,https://cdn.shopify.com/s/files/1/0958/3106/4948/files/1000349286.jpg?v=1769712647,1,Calvium Gemina | Midnight Black,false,,,,,,,,black; white,,https://cdn.shopify.com/s/files/1/0958/3106/4948/files/1000349286.jpg?v=1769712647,kg,,,active
calvium-gemina-midnight-black,,,,,,,,,,,,,,,,,,,,,,,,,,,,,,,,https://cdn.shopify.com/s/files/1/0958/3106/4948/files/02_ad5841ee-4e9f-44b3-9a48-1149bc62901c.jpg?v=1769712681,2,Calvium Gemina | Midnight Black,,,,,,,,,,,,,,,
calvium-gemina-midnight-black,,,,,,,,,,,,,,,,,,,,,,,,,,,,,,,,https://cdn.shopify.com/s/files/1/0958/3106/4948/files/03_94223e8d-2bd5-44ce-b247-5a81b27e7d62.jpg?v=1769712680,3,Calvium Gemina | Midnight Black,,,,,,,,,,,,,,,
calvium-gemina-midnight-black,,,,,,,,,,,,,,,,,,,,,,,,,,,,,,,,https://cdn.shopify.com/s/files/1/0958/3106/4948/files/05_4083fa7d-0f49-451f-b90b-688d47193137.jpg?v=1769712681,4,Calvium Gemina | Midnight Black,,,,,,,,,,,,,,,
calvium-gemina-midnight-black,,,,,,,,,,,,,,,,,,,,,,,,,,,,,,,,https://cdn.shopify.com/s/files/1/0958/3106/4948/files/06_48efaf33-11a6-4ac0-ad66-041717bd60d3.jpg?v=1769712681,5,Calvium Gemina | Midnight Black,,,,,,,,,,,,,,,
calvium-gemina-midnight-black,,,,,,,,,,,,,,,,,,,,,,,,,,,,,,,,https://cdn.shopify.com/s/files/1/0958/3106/4948/files/04_92642195-804b-4490-ba1d-196da3cad02a.jpg?v=1769712681,6,Calvium Gemina | Midnight Black,,,,,,,,,,,,,,,
calvium-gemina-ivory-cream,Calvium Gemina | Ivory Cream,"<p>The Calvium Gemina Mini Handbag is a sophisticated compact accessory designed for women who appreciate elegance and everyday practicality. Its structured silhouette, textured finish, curved flap, contrasting details, and refined hardware create a timeless premium appearance. Despite its small size, the organized interior provides convenient space for essentials such as a smartphone, wallet, keys, sunglasses, cosmetics, and small accessories. Carry it gracefully using the elegant top handle or attach the detachable shoulder strap for comfortable crossbody styling. Lightweight, versatile, and easy to carry, this mini handbag is perfect for shopping, casual outings, dinners, travel, and special occasions.</p>
<h3>Dimensions</h3>
<ul><li><strong>Height:</strong> 14cm</li><li><strong>Width:</strong> 19cm</li><li><strong>base:</strong> 7 cm]</li></ul>",,,Crossbody Bag,"Everyday Icons, Crossbody Bag, New Arrivals, Color: Ivory Cream, color-group:gemina, color:ivory-cream",,,,,,,,,,,,0.0,shopify,15,deny,manual,3400.00,,true,true,,,,,,https://cdn.shopify.com/s/files/1/0958/3106/4948/files/07_25d254de-da10-4661-a173-77fda1f05fba.jpg?v=1769712797,1,Calvium Gemina | Ivory Cream,,,,,,,,,,,https://cdn.shopify.com/s/files/1/0958/3106/4948/files/01_bde0ebed-4518-4fe4-acde-e57bbee953fe.jpg?v=1769712797,kg,,,active
calvium-gemina-ivory-cream,,,,,,,,,,,,,,,,,,,,,,,,,,,,,,,,https://cdn.shopify.com/s/files/1/0958/3106/4948/files/04_cd4279c9-4369-46a9-bf4d-81e90548357d.jpg?v=1769712797,2,Calvium Gemina | Ivory Cream,,,,,,,,,,,,,,,
calvium-gemina-ivory-cream,,,,,,,,,,,,,,,,,,,,,,,,,,,,,,,,https://cdn.shopify.com/s/files/1/0958/3106/4948/files/03_a8818a51-6f0f-43b2-9384-996090bd7564.jpg?v=1769712797,3,Calvium Gemina | Ivory Cream,,,,,,,,,,,,,,,
calvium-gemina-ivory-cream,,,,,,,,,,,,,,,,,,,,,,,,,,,,,,,,https://cdn.shopify.com/s/files/1/0958/3106/4948/files/06_aa7ec005-edc2-4e05-b676-24e1765f47d0.jpg?v=1769712797,4,Calvium Gemina | Ivory Cream,,,,,,,,,,,,,,,
calvium-gemina-ivory-cream,,,,,,,,,,,,,,,,,,,,,,,,,,,,,,,,https://cdn.shopify.com/s/files/1/0958/3106/4948/files/01_bde0ebed-4518-4fe4-acde-e57bbee953fe.jpg?v=1769712797,5,Calvium Gemina | Ivory Cream,,,,,,,,,,,,,,,
calvium-gemina-ivory-cream,,,,,,,,,,,,,,,,,,,,,,,,,,,,,,,,https://cdn.shopify.com/s/files/1/0958/3106/4948/files/02_70b0c257-f8e4-4331-a24d-5f1e7afd230c.jpg?v=1769712825,6,Calvium Gemina | Ivory Cream,,,,,,,,,,,,,,,
calvium-sigillum-mini-navy-dusk,Calvium Sigillum Mini | Navy Dusk,"<p>The Calvium Sigillum Mini Handbag combines timeless sophistication with practical everyday functionality. Designed with a structured silhouette, textured finish, elegant top handles, and distinctive metal closure, it creates a refined and premium appearance. Its compact yet spacious interior comfortably holds daily essentials such as your phone, wallet, cosmetics, keys, and small accessories. Protective metal feet help keep the base clean and reduce every day wear. Carry it elegantly by the top handles or attach the detachable shoulder strap for comfortable hands-free styling. Available in Blue and Khaki, this versatile handbag is perfect for work, shopping, travel, casual outings, and special occasions.</p>
<h3>Dimensions</h3>
<ul><li><strong>Height:</strong> 11cm</li><li><strong>Width:</strong> 26cm</li><li><strong>Base:</strong> 12cm</li></ul>",Calvium,"Apparel & Accessories > Handbags, Wallets & Cases > Handbags > Cross Body Bags",Mini Top Handle Bag,"Day to Night, Mini Top Handle Bag, New Arrivals, Color: Navy Dusk, color-group:sigillum-mini, color:navy-dusk",true,,,product.metafields.shopify.color-pattern,,,,,,,,0.0,shopify,15,deny,manual,4200.00,,true,true,,,,,,https://cdn.shopify.com/s/files/1/0958/3106/4948/files/1000349257.jpg?v=1769711934,1,Calvium Sigillum Mini | Navy Dusk,false,,,,,,,,dark-blue; khaki,,https://cdn.shopify.com/s/files/1/0958/3106/4948/files/1000349257.jpg?v=1769711934,kg,,,active
calvium-sigillum-mini-golden-khaki,Calvium Sigillum Mini | Golden Khaki,"<p>The Calvium Sigillum Mini Handbag combines timeless sophistication with practical everyday functionality. Designed with a structured silhouette, textured finish, elegant top handles, and distinctive metal closure, it creates a refined and premium appearance. Its compact yet spacious interior comfortably holds daily essentials such as your phone, wallet, cosmetics, keys, and small accessories. Protective metal feet help keep the base clean and reduce every day wear. Carry it elegantly by the top handles or attach the detachable shoulder strap for comfortable hands-free styling. Available in Blue and Khaki, this versatile handbag is perfect for work, shopping, travel, casual outings, and special occasions.</p>
<h3>Dimensions</h3>
<ul><li><strong>Height:</strong> 11cm</li><li><strong>Width:</strong> 26cm</li><li><strong>Base:</strong> 12cm</li></ul>",,,Mini Top Handle Bag,"Day to Night, Mini Top Handle Bag, New Arrivals, Color: Golden Khaki, color-group:sigillum-mini, color:golden-khaki",,,,,,,,,,,,0.0,shopify,15,deny,manual,4200.00,,true,true,,,,,,https://cdn.shopify.com/s/files/1/0958/3106/4948/files/1000349277.jpg?v=1769712226,1,Calvium Sigillum Mini | Golden Khaki,,,,,,,,,,,https://cdn.shopify.com/s/files/1/0958/3106/4948/files/1000349277.jpg?v=1769712226,kg,,,active
calvium-sigillum-mini-golden-khaki,,,,,,,,,,,,,,,,,,,,,,,,,,,,,,,,https://cdn.shopify.com/s/files/1/0958/3106/4948/files/07_a1fe6337-44df-4980-b178-ca80be6bc71e.jpg?v=1769712249,2,Calvium Sigillum Mini | Golden Khaki,,,,,,,,,,,,,,,
calvium-sigillum-mini-golden-khaki,,,,,,,,,,,,,,,,,,,,,,,,,,,,,,,,https://cdn.shopify.com/s/files/1/0958/3106/4948/files/03_98765b0f-4319-42c3-a631-289aa0619c68.jpg?v=1769712249,3,Calvium Sigillum Mini | Golden Khaki,,,,,,,,,,,,,,,
calvium-sigillum-mini-golden-khaki,,,,,,,,,,,,,,,,,,,,,,,,,,,,,,,,https://cdn.shopify.com/s/files/1/0958/3106/4948/files/02_cc7b5b97-43d5-4fb0-a385-f814ae1f868c.jpg?v=1769712249,4,Calvium Sigillum Mini | Golden Khaki,,,,,,,,,,,,,,,
calvium-sigillum-mini-golden-khaki,,,,,,,,,,,,,,,,,,,,,,,,,,,,,,,,https://cdn.shopify.com/s/files/1/0958/3106/4948/files/8_9fe4d5eb-371f-4427-926b-168435945a7b.jpg?v=1769712249,5,Calvium Sigillum Mini | Golden Khaki,,,,,,,,,,,,,,,
calvium-sigillum-mini-golden-khaki,,,,,,,,,,,,,,,,,,,,,,,,,,,,,,,,https://cdn.shopify.com/s/files/1/0958/3106/4948/files/9_05a0381a-b126-41bf-960c-808db77fb2b6.jpg?v=1769712249,6,Calvium Sigillum Mini | Golden Khaki,,,,,,,,,,,,,,,
calvium-sigillum-mini-golden-khaki,,,,,,,,,,,,,,,,,,,,,,,,,,,,,,,,https://cdn.shopify.com/s/files/1/0958/3106/4948/files/05_0881dd9d-b434-416d-95ec-654f78110cc8.jpg?v=1769712249,7,Calvium Sigillum Mini | Golden Khaki,,,,,,,,,,,,,,,
calvium-pico-golden-khaki,Calvium Pico | Golden Khaki,"<p>The Calvium Pico Mini Handbag combines compact elegance with everyday practicality, making it an ideal accessory for casual outings, shopping, travel, and special occasions. Designed in a small, structured silhouette with a textured finish and refined metal closure, it delivers a sophisticated and contemporary appearance. Despite its compact size, the interior provides convenient space for essentials such as your phone, wallet, keys, cosmetics, and small accessories. Sturdy top handles offer comfortable hand carrying, while the detachable shoulder strap allows versatile styling. Available in Beige and Tan, this lightweight mini handbag is a stylish companion for modern, effortless everyday fashion.</p>
<h3>Dimensions</h3>
<ul><li><strong>Height:</strong> 16cm</li><li><strong>Width:</strong> 18cm</li><li><strong>Base:</strong> 11cm</li></ul>",Calvium,"Apparel & Accessories > Handbags, Wallets & Cases > Handbags > Cross Body Bags",Mini Handbag,"Day to Night, Mini Handbag, New Arrivals, Color: Golden Khaki, color-group:pico, color:golden-khaki",true,,,product.metafields.shopify.color-pattern,,,,,,,,0.0,shopify,15,deny,manual,4000.00,,true,true,,,,,,https://cdn.shopify.com/s/files/1/0958/3106/4948/files/1000349238.jpg?v=1769711385,1,Calvium Pico | Golden Khaki,false,,,,,,,,khaki; tan,,https://cdn.shopify.com/s/files/1/0958/3106/4948/files/1000349238.jpg?v=1769711385,kg,,,active
calvium-pico-golden-khaki,,,,,,,,,,,,,,,,,,,,,,,,,,,,,,,,https://cdn.shopify.com/s/files/1/0958/3106/4948/files/05_2fd4790a-5703-49cb-90a7-4cceef8c71ed.jpg?v=1769711430,2,Calvium Pico | Golden Khaki,,,,,,,,,,,,,,,
calvium-pico-golden-khaki,,,,,,,,,,,,,,,,,,,,,,,,,,,,,,,,https://cdn.shopify.com/s/files/1/0958/3106/4948/files/03_87d34c41-05c8-45cc-a70e-61c241bdf880.jpg?v=1769711430,3,Calvium Pico | Golden Khaki,,,,,,,,,,,,,,,
calvium-pico-golden-khaki,,,,,,,,,,,,,,,,,,,,,,,,,,,,,,,,https://cdn.shopify.com/s/files/1/0958/3106/4948/files/06_58ad01b2-d416-4056-8398-bbdb22364243.jpg?v=1769711430,4,Calvium Pico | Golden Khaki,,,,,,,,,,,,,,,
calvium-pico-golden-khaki,,,,,,,,,,,,,,,,,,,,,,,,,,,,,,,,https://cdn.shopify.com/s/files/1/0958/3106/4948/files/04_3e74557a-eef8-4c7f-8cc7-d98076420017.jpg?v=1769711430,5,Calvium Pico | Golden Khaki,,,,,,,,,,,,,,,
calvium-pico-golden-khaki,,,,,,,,,,,,,,,,,,,,,,,,,,,,,,,,https://cdn.shopify.com/s/files/1/0958/3106/4948/files/02_ab6c7344-1683-4740-8f87-9c980be65406.jpg?v=1769711430,6,Calvium Pico | Golden Khaki,,,,,,,,,,,,,,,
calvium-pico-cognac-tan,Calvium Pico | Cognac Tan,"<p>The Calvium Pico Mini Handbag combines compact elegance with everyday practicality, making it an ideal accessory for casual outings, shopping, travel, and special occasions. Designed in a small, structured silhouette with a textured finish and refined metal closure, it delivers a sophisticated and contemporary appearance. Despite its compact size, the interior provides convenient space for essentials such as your phone, wallet, keys, cosmetics, and small accessories. Sturdy top handles offer comfortable hand carrying, while the detachable shoulder strap allows versatile styling. Available in Beige and Tan, this lightweight mini handbag is a stylish companion for modern, effortless everyday fashion.</p>
<h3>Dimensions</h3>
<ul><li><strong>Height:</strong> 16cm</li><li><strong>Width:</strong> 18cm</li><li><strong>Base:</strong> 11cm</li></ul>",,,Mini Handbag,"Day to Night, Mini Handbag, New Arrivals, Color: Cognac Tan, color-group:pico, color:cognac-tan",,,,,,,,,,,,0.0,shopify,15,deny,manual,4000.00,,true,true,,,,,,https://cdn.shopify.com/s/files/1/0958/3106/4948/files/1000349242.jpg?v=1769711653,1,Calvium Pico | Cognac Tan,,,,,,,,,,,https://cdn.shopify.com/s/files/1/0958/3106/4948/files/1000349242.jpg?v=1769711653,kg,,,active
calvium-pico-cognac-tan,,,,,,,,,,,,,,,,,,,,,,,,,,,,,,,,https://cdn.shopify.com/s/files/1/0958/3106/4948/files/01_1feaf450-b7aa-4134-a497-359e3aadef98.jpg?v=1769711688,2,Calvium Pico | Cognac Tan,,,,,,,,,,,,,,,
calvium-pico-cognac-tan,,,,,,,,,,,,,,,,,,,,,,,,,,,,,,,,https://cdn.shopify.com/s/files/1/0958/3106/4948/files/03_a72fdc38-81e8-4322-b597-53300b2d0573.jpg?v=1769711688,3,Calvium Pico | Cognac Tan,,,,,,,,,,,,,,,
calvium-pico-cognac-tan,,,,,,,,,,,,,,,,,,,,,,,,,,,,,,,,https://cdn.shopify.com/s/files/1/0958/3106/4948/files/06_2ef4448e-0af2-4115-82af-eb3dfb7f4cce.jpg?v=1769711689,4,Calvium Pico | Cognac Tan,,,,,,,,,,,,,,,
calvium-pico-cognac-tan,,,,,,,,,,,,,,,,,,,,,,,,,,,,,,,,https://cdn.shopify.com/s/files/1/0958/3106/4948/files/05_13f84d84-2fbb-4e2b-bb67-50d5b72d0179.jpg?v=1769711689,5,Calvium Pico | Cognac Tan,,,,,,,,,,,,,,,
calvium-sigillum-golden-khaki,Calvium Sigillum | Golden Khaki,"<p>The Calvium Sigillum Handbag blends timeless elegance with practical functionality, making it a refined choice for work, shopping, travel, and everyday occasions. Its structured silhouette, textured finish, curved top handles, and distinctive gold-tone front detail create a sophisticated premium appearance. The spacious interior offers ample room for your phone, wallet, cosmetics, accessories, and other daily essentials while keeping belongings organized. Protective metal feet help reduce direct contact with surfaces, while the detachable shoulder strap provides versatile carrying options. Available in Khaki, Sage Green, and Tan, this stylish handbag effortlessly complements both professional attire and casual wardrobes.</p>
<h3>Dimensions</h3>
<ul><li><strong>Height:</strong> 21cm</li><li><strong>Width:</strong> 35cm</li><li><strong>Base:</strong> 12cm</li></ul>",Calvium,"Apparel & Accessories > Handbags, Wallets & Cases > Handbags > Cross Body Bags",Top Handle Handbag,"Work Ready, Top Handle Handbag, New Arrivals, Color: Golden Khaki, color-group:sigillum, color:golden-khaki",true,,,product.metafields.shopify.color-pattern,,,,,,,,0.0,shopify,15,deny,manual,5000.00,,true,true,,,,,,https://cdn.shopify.com/s/files/1/0958/3106/4948/files/1000349217.jpg?v=1769710527,1,Calvium Sigillum | Golden Khaki,false,,,,,,,,khaki; sage-green; tan,,https://cdn.shopify.com/s/files/1/0958/3106/4948/files/1000349217.jpg?v=1769710527,kg,,,active
calvium-sigillum-golden-khaki,,,,,,,,,,,,,,,,,,,,,,,,,,,,,,,,https://cdn.shopify.com/s/files/1/0958/3106/4948/files/03_425cca41-36e3-4dc3-ae3f-68431f2a40a0.jpg?v=1769710553,2,Calvium Sigillum | Golden Khaki,,,,,,,,,,,,,,,
calvium-sigillum-golden-khaki,,,,,,,,,,,,,,,,,,,,,,,,,,,,,,,,https://cdn.shopify.com/s/files/1/0958/3106/4948/files/05_81fedf72-2337-4f44-9ccc-c3f42523752f.jpg?v=1769710553,3,Calvium Sigillum | Golden Khaki,,,,,,,,,,,,,,,
calvium-sigillum-golden-khaki,,,,,,,,,,,,,,,,,,,,,,,,,,,,,,,,https://cdn.shopify.com/s/files/1/0958/3106/4948/files/06_7611f269-acae-4416-b7b8-714023942118.jpg?v=1769710553,4,Calvium Sigillum | Golden Khaki,,,,,,,,,,,,,,,
calvium-sigillum-golden-khaki,,,,,,,,,,,,,,,,,,,,,,,,,,,,,,,,https://cdn.shopify.com/s/files/1/0958/3106/4948/files/04_59c6575c-bef0-494c-b4ee-9c3d2d5ee547.jpg?v=1769710553,5,Calvium Sigillum | Golden Khaki,,,,,,,,,,,,,,,
calvium-sigillum-morning-sage,Calvium Sigillum | Morning Sage,"<p>The Calvium Sigillum Handbag blends timeless elegance with practical functionality, making it a refined choice for work, shopping, travel, and everyday occasions. Its structured silhouette, textured finish, curved top handles, and distinctive gold-tone front detail create a sophisticated premium appearance. The spacious interior offers ample room for your phone, wallet, cosmetics, accessories, and other daily essentials while keeping belongings organized. Protective metal feet help reduce direct contact with surfaces, while the detachable shoulder strap provides versatile carrying options. Available in Khaki, Sage Green, and Tan, this stylish handbag effortlessly complements both professional attire and casual wardrobes.</p>
<h3>Dimensions</h3>
<ul><li><strong>Height:</strong> 21cm</li><li><strong>Width:</strong> 35cm</li><li><strong>Base:</strong> 12cm</li></ul>",,,Top Handle Handbag,"Work Ready, Top Handle Handbag, New Arrivals, Color: Morning Sage, color-group:sigillum, color:morning-sage",,,,,,,,,,,,0.0,shopify,15,deny,manual,5000.00,,true,true,,,,,,https://cdn.shopify.com/s/files/1/0958/3106/4948/files/03_425cca41-36e3-4dc3-ae3f-68431f2a40a0.jpg?v=1769710553,1,Calvium Sigillum | Morning Sage,,,,,,,,,,,https://cdn.shopify.com/s/files/1/0958/3106/4948/files/1000349224.jpg?v=1769710729,kg,,,active
calvium-sigillum-cognac-tan,Calvium Sigillum | Cognac Tan,"<p>The Calvium Sigillum Handbag blends timeless elegance with practical functionality, making it a refined choice for work, shopping, travel, and everyday occasions. Its structured silhouette, textured finish, curved top handles, and distinctive gold-tone front detail create a sophisticated premium appearance. The spacious interior offers ample room for your phone, wallet, cosmetics, accessories, and other daily essentials while keeping belongings organized. Protective metal feet help reduce direct contact with surfaces, while the detachable shoulder strap provides versatile carrying options. Available in Khaki, Sage Green, and Tan, this stylish handbag effortlessly complements both professional attire and casual wardrobes.</p>
<h3>Dimensions</h3>
<ul><li><strong>Height:</strong> 21cm</li><li><strong>Width:</strong> 35cm</li><li><strong>Base:</strong> 12cm</li></ul>",,,Top Handle Handbag,"Work Ready, Top Handle Handbag, New Arrivals, Color: Cognac Tan, color-group:sigillum, color:cognac-tan",,,,,,,,,,,,0.0,shopify,15,deny,manual,5000.00,,true,true,,,,,,https://cdn.shopify.com/s/files/1/0958/3106/4948/files/1000349233.jpg?v=1769710917,1,Calvium Sigillum | Cognac Tan,,,,,,,,,,,https://cdn.shopify.com/s/files/1/0958/3106/4948/files/1000349233.jpg?v=1769710917,kg,,,active
calvium-sigillum-cognac-tan,,,,,,,,,,,,,,,,,,,,,,,,,,,,,,,,https://cdn.shopify.com/s/files/1/0958/3106/4948/files/06_cfbe5fb2-454f-49a3-b80f-f085fb29cd24.jpg?v=1769711122,2,Calvium Sigillum | Cognac Tan,,,,,,,,,,,,,,,
calvium-sigillum-cognac-tan,,,,,,,,,,,,,,,,,,,,,,,,,,,,,,,,https://cdn.shopify.com/s/files/1/0958/3106/4948/files/07_0998a057-6b73-47d0-a3bc-682999d856d2.jpg?v=1769711122,3,Calvium Sigillum | Cognac Tan,,,,,,,,,,,,,,,
calvium-sigillum-cognac-tan,,,,,,,,,,,,,,,,,,,,,,,,,,,,,,,,https://cdn.shopify.com/s/files/1/0958/3106/4948/files/04_2eeb6393-e34d-4919-a14f-c3b1d11bc6f7.jpg?v=1769711122,4,Calvium Sigillum | Cognac Tan,,,,,,,,,,,,,,,
calvium-sigillum-cognac-tan,,,,,,,,,,,,,,,,,,,,,,,,,,,,,,,,https://cdn.shopify.com/s/files/1/0958/3106/4948/files/05_2b05b1d6-c757-49f1-be42-88f870e2a023.jpg?v=1769711122,5,Calvium Sigillum | Cognac Tan,,,,,,,,,,,,,,,
calvium-sigillum-cognac-tan,,,,,,,,,,,,,,,,,,,,,,,,,,,,,,,,https://cdn.shopify.com/s/files/1/0958/3106/4948/files/03_5b6e3369-9f9f-4be5-a27d-1b5cff90181a.jpg?v=1769711122,6,Calvium Sigillum | Cognac Tan,,,,,,,,,,,,,,,
calvium-cella-golden-khaki,Calvium Cella | Golden Khaki,"<p>The Calvium Cella Tote Bag combines modern sophistication with practical everyday functionality. Designed with a structured silhouette, textured finish, contrasting handles, and elegant metal accents, it offers a refined look suitable for work, shopping, travel, and casual outings. The spacious interior provides ample room for your wallet, cosmetics, phone, accessories, and other daily essentials. A separate removable pouch helps keep smaller belongings organized and easily accessible. Protective metal feet enhance durability, while sturdy top handles and a detachable shoulder strap provide versatile carrying options. Available in Khaki, Sage Green, and White, this stylish tote complements every modern wardrobe effortlessly.</p>
<h3>Dimensions</h3>
<ul><li><strong>Height:</strong> 25cm</li><li><strong>Width:</strong> 30cm</li><li><strong>Base:</strong> 10cm</li></ul>",Calvium,"Apparel & Accessories > Handbags, Wallets & Cases > Handbags > Cross Body Bags",Top Handle Bag,"Work Ready, Top Handle Bag, New Arrivals, Color: Golden Khaki, color-group:cella, color:golden-khaki",true,,,product.metafields.shopify.color-pattern,,,,,,,,0.0,shopify,15,deny,manual,4800.00,,true,true,,,,,,https://cdn.shopify.com/s/files/1/0958/3106/4948/files/1000349200.jpg?v=1769709198,1,Calvium Cella | Golden Khaki,false,,,,,,,,khaki; sage-green; white,,https://cdn.shopify.com/s/files/1/0958/3106/4948/files/1000349200.jpg?v=1769709198,kg,,,active
calvium-cella-golden-khaki,,,,,,,,,,,,,,,,,,,,,,,,,,,,,,,,https://cdn.shopify.com/s/files/1/0958/3106/4948/files/05_190a4a56-49cc-43cf-990e-98fcac58f89d.jpg?v=1769709233,2,Calvium Cella | Golden Khaki,,,,,,,,,,,,,,,
calvium-cella-golden-khaki,,,,,,,,,,,,,,,,,,,,,,,,,,,,,,,,https://cdn.shopify.com/s/files/1/0958/3106/4948/files/03_e57e6b06-86c1-4900-8c5e-c53bfb1a60e8.jpg?v=1769709233,3,Calvium Cella | Golden Khaki,,,,,,,,,,,,,,,
calvium-cella-golden-khaki,,,,,,,,,,,,,,,,,,,,,,,,,,,,,,,,https://cdn.shopify.com/s/files/1/0958/3106/4948/files/02_4900f1ef-9142-4ae6-87df-1ac24c50fa4d.jpg?v=1769709233,4,Calvium Cella | Golden Khaki,,,,,,,,,,,,,,,
calvium-cella-golden-khaki,,,,,,,,,,,,,,,,,,,,,,,,,,,,,,,,https://cdn.shopify.com/s/files/1/0958/3106/4948/files/06_dfdf16fa-f20e-492b-a8bc-366a16b9a780.jpg?v=1769709233,5,Calvium Cella | Golden Khaki,,,,,,,,,,,,,,,
calvium-cella-golden-khaki,,,,,,,,,,,,,,,,,,,,,,,,,,,,,,,,https://cdn.shopify.com/s/files/1/0958/3106/4948/files/04_2e3fa30f-73a1-492f-beb5-7083ff8429b9.jpg?v=1769709233,6,Calvium Cella | Golden Khaki,,,,,,,,,,,,,,,
calvium-cella-morning-sage,Calvium Cella | Morning Sage,"<p>The Calvium Cella Tote Bag combines modern sophistication with practical everyday functionality. Designed with a structured silhouette, textured finish, contrasting handles, and elegant metal accents, it offers a refined look suitable for work, shopping, travel, and casual outings. The spacious interior provides ample room for your wallet, cosmetics, phone, accessories, and other daily essentials. A separate removable pouch helps keep smaller belongings organized and easily accessible. Protective metal feet enhance durability, while sturdy top handles and a detachable shoulder strap provide versatile carrying options. Available in Khaki, Sage Green, and White, this stylish tote complements every modern wardrobe effortlessly.</p>
<h3>Dimensions</h3>
<ul><li><strong>Height:</strong> 25cm</li><li><strong>Width:</strong> 30cm</li><li><strong>Base:</strong> 10cm</li></ul>",,,Top Handle Bag,"Work Ready, Top Handle Bag, New Arrivals, Color: Morning Sage, color-group:cella, color:morning-sage",,,,,,,,,,,,0.0,shopify,15,deny,manual,4800.00,,true,true,,,,,,https://cdn.shopify.com/s/files/1/0958/3106/4948/files/05_190a4a56-49cc-43cf-990e-98fcac58f89d.jpg?v=1769709233,1,Calvium Cella | Morning Sage,,,,,,,,,,,https://cdn.shopify.com/s/files/1/0958/3106/4948/files/1000349205.jpg?v=1769709463,kg,,,active
calvium-cella-ivory-cream,Calvium Cella | Ivory Cream,"<p>The Calvium Cella Tote Bag combines modern sophistication with practical everyday functionality. Designed with a structured silhouette, textured finish, contrasting handles, and elegant metal accents, it offers a refined look suitable for work, shopping, travel, and casual outings. The spacious interior provides ample room for your wallet, cosmetics, phone, accessories, and other daily essentials. A separate removable pouch helps keep smaller belongings organized and easily accessible. Protective metal feet enhance durability, while sturdy top handles and a detachable shoulder strap provide versatile carrying options. Available in Khaki, Sage Green, and White, this stylish tote complements every modern wardrobe effortlessly.</p>
<h3>Dimensions</h3>
<ul><li><strong>Height:</strong> 25cm</li><li><strong>Width:</strong> 30cm</li><li><strong>Base:</strong> 10cm</li></ul>",,,Top Handle Bag,"Work Ready, Top Handle Bag, New Arrivals, Color: Ivory Cream, color-group:cella, color:ivory-cream",,,,,,,,,,,,0.0,shopify,15,deny,manual,4800.00,,true,true,,,,,,https://cdn.shopify.com/s/files/1/0958/3106/4948/files/1000349213.jpg?v=1769709627,1,Calvium Cella | Ivory Cream,,,,,,,,,,,https://cdn.shopify.com/s/files/1/0958/3106/4948/files/1000349213.jpg?v=1769709627,kg,,,active
calvium-cella-ivory-cream,,,,,,,,,,,,,,,,,,,,,,,,,,,,,,,,https://cdn.shopify.com/s/files/1/0958/3106/4948/files/04_8299a9f9-31a9-4e19-a285-70d9b383f626.jpg?v=1769709650,2,Calvium Cella | Ivory Cream,,,,,,,,,,,,,,,
calvium-cella-ivory-cream,,,,,,,,,,,,,,,,,,,,,,,,,,,,,,,,https://cdn.shopify.com/s/files/1/0958/3106/4948/files/02_3eabcc12-af98-4273-ae7e-1189e69114dc.jpg?v=1769709650,3,Calvium Cella | Ivory Cream,,,,,,,,,,,,,,,
calvium-cella-ivory-cream,,,,,,,,,,,,,,,,,,,,,,,,,,,,,,,,https://cdn.shopify.com/s/files/1/0958/3106/4948/files/05_4fdd4da8-49e7-4310-9fa0-1b5309ba77d8.jpg?v=1769709650,4,Calvium Cella | Ivory Cream,,,,,,,,,,,,,,,
calvium-column-slate-blue,Calvium Column | Slate Blue,"This sophisticated leather bag, featuring both a sturdy top handle and a convenient adjustable
strap, offers versatile carrying options for any occasion. Crafted from high-quality, subtly
textured leather, it exudes an elegant yet practical appeal. Its spacious interior is perfect for
organizing daily essentials, from a tablet and notebooks to cosmetics and personal items,
making it ideal for professional settings or everyday use.
<h3>Dimensions:</h3>
<ul>
<li>Height: 28 cm</li>
<li>Width: 26 cm</li>
<li>Base: 12 cm</li>
</ul>",Calvium,"Apparel & Accessories > Handbags, Wallets & Cases > Handbags > Cross Body Bags",Work Tote,"Work Ready, Work Tote, New Arrivals, Color: Slate Blue, color-group:column, color:slate-blue",true,,,product.metafields.shopify.color-pattern,,,,,,,,0.0,shopify,15,deny,manual,5100.00,,true,true,,,,,,https://cdn.shopify.com/s/files/1/0958/3106/4948/files/1000349186.jpg?v=1769708199,1,Calvium Column | Slate Blue,false,,,,,,,,blues; khaki; sage-green,,https://cdn.shopify.com/s/files/1/0958/3106/4948/files/1000349186.jpg?v=1769708199,kg,,,active
calvium-column-golden-khaki,Calvium Column | Golden Khaki,,,,Work Tote,"Work Ready, Work Tote, New Arrivals, Color: Golden Khaki, color-group:column, color:golden-khaki",,,,,,,,,,,,0.0,shopify,15,deny,manual,5100.00,,true,true,,,,,,https://cdn.shopify.com/s/files/1/0958/3106/4948/files/1000349187.jpg?v=1769708527,1,Calvium Column | Golden Khaki,,,,,,,,,,,https://cdn.shopify.com/s/files/1/0958/3106/4948/files/1000349187.jpg?v=1769708527,kg,,,active
calvium-column-golden-khaki,,,,,,,,,,,,,,,,,,,,,,,,,,,,,,,,https://cdn.shopify.com/s/files/1/0958/3106/4948/files/02_243efe36-c1ca-4ded-b312-643579d04546.jpg?v=1769708595,2,Calvium Column | Golden Khaki,,,,,,,,,,,,,,,
calvium-column-golden-khaki,,,,,,,,,,,,,,,,,,,,,,,,,,,,,,,,https://cdn.shopify.com/s/files/1/0958/3106/4948/files/03_60dc0e67-83ac-4c06-a739-cfe953f4b542.jpg?v=1769708595,3,Calvium Column | Golden Khaki,,,,,,,,,,,,,,,
calvium-column-golden-khaki,,,,,,,,,,,,,,,,,,,,,,,,,,,,,,,,https://cdn.shopify.com/s/files/1/0958/3106/4948/files/04_25d14afd-2f04-4713-ac7a-e303e3660688.jpg?v=1769708595,4,Calvium Column | Golden Khaki,,,,,,,,,,,,,,,
calvium-column-golden-khaki,,,,,,,,,,,,,,,,,,,,,,,,,,,,,,,,https://cdn.shopify.com/s/files/1/0958/3106/4948/files/05_76f4126d-b19f-412f-a23b-adead759eafb.jpg?v=1769708595,5,Calvium Column | Golden Khaki,,,,,,,,,,,,,,,
calvium-column-golden-khaki,,,,,,,,,,,,,,,,,,,,,,,,,,,,,,,,https://cdn.shopify.com/s/files/1/0958/3106/4948/files/06_c4637ff8-c22f-4511-add8-bceaa3ff533b.jpg?v=1769708595,6,Calvium Column | Golden Khaki,,,,,,,,,,,,,,,
calvium-column-morning-sage,Calvium Column | Morning Sage,,,,Work Tote,"Work Ready, Work Tote, New Arrivals, Color: Morning Sage, color-group:column, color:morning-sage",,,,,,,,,,,,0.0,shopify,15,deny,manual,5100.00,,true,true,,,,,,https://cdn.shopify.com/s/files/1/0958/3106/4948/files/02_ef4441a6-6132-415d-ad79-ac8599bb7aef.jpg?v=1769708276,1,Calvium Column | Morning Sage,,,,,,,,,,,https://cdn.shopify.com/s/files/1/0958/3106/4948/files/1000349193.jpg?v=1769708828,kg,,,active
calvium-core-golden-khaki,Calvium Core | Golden Khaki,"<p>The Calvium Core Everyday Shoulder Bag blends minimalist elegance with effortless functionality for women who appreciate modern, versatile style. Its clean silhouette, refined textured finish, and charming decorative accessory create a distinctive look for work, shopping, travel, and casual outings. The spacious interior offers room for everyday essentials, while the convenient rear pocket keeps frequently used items within easy reach. A detachable shoulder strap provides comfortable and flexible carrying throughout the day. Available in Beige, Sage Green, and White, the Core is a stylish everyday companion designed to complement your wardrobe and make simplicity feel effortlessly sophisticated wherever you go.</p>
<h3>Dimensions</h3>
<ul><li><strong>Height:</strong> 24cm</li><li><strong>Width:</strong> 30cm</li><li><strong>base:</strong> 9cm</li></ul>",Calvium,"Apparel & Accessories > Handbags, Wallets & Cases > Handbags > Cross Body Bags",Charm Sling Bag,"Day to Night, Charm Sling Bag, New Arrivals, Color: Golden Khaki, color-group:core, color:golden-khaki",true,,,product.metafields.shopify.color-pattern,,,,,,,,0.0,shopify,15,deny,manual,4800.00,,true,true,,,,,,https://cdn.shopify.com/s/files/1/0958/3106/4948/files/01_7d6d1839-8445-434c-983c-16b8ba2e9fd9.jpg?v=1769690762,1,Calvium Core | Golden Khaki,false,,,,,,,,khaki; sage-green; white,,https://cdn.shopify.com/s/files/1/0958/3106/4948/files/01_7d6d1839-8445-434c-983c-16b8ba2e9fd9.jpg?v=1769690762,kg,,,active
calvium-core-golden-khaki,,,,,,,,,,,,,,,,,,,,,,,,,,,,,,,,https://cdn.shopify.com/s/files/1/0958/3106/4948/files/02_e56599fe-ff88-4a6c-8820-d72fba0aadb9.jpg?v=1769690796,2,Calvium Core | Golden Khaki,,,,,,,,,,,,,,,
calvium-core-golden-khaki,,,,,,,,,,,,,,,,,,,,,,,,,,,,,,,,https://cdn.shopify.com/s/files/1/0958/3106/4948/files/03_e0a5e9a1-77a6-4235-a9c4-d26c1b124703.jpg?v=1769690796,3,Calvium Core | Golden Khaki,,,,,,,,,,,,,,,
calvium-core-golden-khaki,,,,,,,,,,,,,,,,,,,,,,,,,,,,,,,,https://cdn.shopify.com/s/files/1/0958/3106/4948/files/04_7887e099-af21-43da-a19e-ed950252ef8a.jpg?v=1769690796,4,Calvium Core | Golden Khaki,,,,,,,,,,,,,,,
calvium-core-golden-khaki,,,,,,,,,,,,,,,,,,,,,,,,,,,,,,,,https://cdn.shopify.com/s/files/1/0958/3106/4948/files/05_3b6a5ae2-82fb-4ec8-aa81-a1748b15c2a1.jpg?v=1769690796,5,Calvium Core | Golden Khaki,,,,,,,,,,,,,,,
calvium-core-golden-khaki,,,,,,,,,,,,,,,,,,,,,,,,,,,,,,,,https://cdn.shopify.com/s/files/1/0958/3106/4948/files/06_9312abf4-5518-4067-9d30-b63250811261.jpg?v=1769690796,6,Calvium Core | Golden Khaki,,,,,,,,,,,,,,,
calvium-core-morning-sage,Calvium Core | Morning Sage,"<p>The Calvium Core Everyday Shoulder Bag blends minimalist elegance with effortless functionality for women who appreciate modern, versatile style. Its clean silhouette, refined textured finish, and charming decorative accessory create a distinctive look for work, shopping, travel, and casual outings. The spacious interior offers room for everyday essentials, while the convenient rear pocket keeps frequently used items within easy reach. A detachable shoulder strap provides comfortable and flexible carrying throughout the day. Available in Beige, Sage Green, and White, the Core is a stylish everyday companion designed to complement your wardrobe and make simplicity feel effortlessly sophisticated wherever you go.</p>
<h3>Dimensions</h3>
<ul><li><strong>Height:</strong> 24cm</li><li><strong>Width:</strong> 30cm</li><li><strong>base:</strong> 9cm</li></ul>",,,Charm Sling Bag,"Day to Night, Charm Sling Bag, New Arrivals, Color: Morning Sage, color-group:core, color:morning-sage",,,,,,,,,,,,0.0,shopify,15,deny,manual,4800.00,,true,true,,,,,,https://cdn.shopify.com/s/files/1/0958/3106/4948/files/02_e56599fe-ff88-4a6c-8820-d72fba0aadb9.jpg?v=1769690796,1,Calvium Core | Morning Sage,,,,,,,,,,,https://cdn.shopify.com/s/files/1/0958/3106/4948/files/01_814dd2ae-71a5-4045-ae81-a36c9aead4fb.jpg?v=1769690998,kg,,,active
calvium-core-ivory-cream,Calvium Core | Ivory Cream,"<p>The Calvium Core Everyday Shoulder Bag blends minimalist elegance with effortless functionality for women who appreciate modern, versatile style. Its clean silhouette, refined textured finish, and charming decorative accessory create a distinctive look for work, shopping, travel, and casual outings. The spacious interior offers room for everyday essentials, while the convenient rear pocket keeps frequently used items within easy reach. A detachable shoulder strap provides comfortable and flexible carrying throughout the day. Available in Beige, Sage Green, and White, the Core is a stylish everyday companion designed to complement your wardrobe and make simplicity feel effortlessly sophisticated wherever you go.</p>
<h3>Dimensions</h3>
<ul><li><strong>Height:</strong> 24cm</li><li><strong>Width:</strong> 30cm</li><li><strong>base:</strong> 9cm</li></ul>",,,Charm Sling Bag,"Day to Night, Charm Sling Bag, New Arrivals, Color: Ivory Cream, color-group:core, color:ivory-cream",,,,,,,,,,,,0.0,shopify,15,deny,manual,4800.00,,true,true,,,,,,https://cdn.shopify.com/s/files/1/0958/3106/4948/files/01_b80420c5-d1a7-4377-a0a3-24889819b5d2.jpg?v=1769691131,1,Calvium Core | Ivory Cream,,,,,,,,,,,https://cdn.shopify.com/s/files/1/0958/3106/4948/files/01_b80420c5-d1a7-4377-a0a3-24889819b5d2.jpg?v=1769691131,kg,,,active
calvium-core-ivory-cream,,,,,,,,,,,,,,,,,,,,,,,,,,,,,,,,https://cdn.shopify.com/s/files/1/0958/3106/4948/files/06_dc822c8e-3fda-4850-9981-bffc6f220839.jpg?v=1769691166,2,Calvium Core | Ivory Cream,,,,,,,,,,,,,,,
calvium-core-ivory-cream,,,,,,,,,,,,,,,,,,,,,,,,,,,,,,,,https://cdn.shopify.com/s/files/1/0958/3106/4948/files/07_c91df5b5-36fe-4ffe-9d96-7b13fef52fa4.jpg?v=1769691166,3,Calvium Core | Ivory Cream,,,,,,,,,,,,,,,
calvium-core-ivory-cream,,,,,,,,,,,,,,,,,,,,,,,,,,,,,,,,https://cdn.shopify.com/s/files/1/0958/3106/4948/files/02_f9a174d1-2ab5-482c-a451-694d3db2c1ab.jpg?v=1769691166,4,Calvium Core | Ivory Cream,,,,,,,,,,,,,,,
calvium-core-ivory-cream,,,,,,,,,,,,,,,,,,,,,,,,,,,,,,,,https://cdn.shopify.com/s/files/1/0958/3106/4948/files/03_f95beef7-6d40-4d64-8aa8-b3073effcba2.jpg?v=1769691166,5,Calvium Core | Ivory Cream,,,,,,,,,,,,,,,
calvium-core-ivory-cream,,,,,,,,,,,,,,,,,,,,,,,,,,,,,,,,https://cdn.shopify.com/s/files/1/0958/3106/4948/files/04_1d0a4b1c-8049-4c53-820f-7b4ad85ce362.jpg?v=1769691166,6,Calvium Core | Ivory Cream,,,,,,,,,,,,,,,
calvium-core-ivory-cream,,,,,,,,,,,,,,,,,,,,,,,,,,,,,,,,https://cdn.shopify.com/s/files/1/0958/3106/4948/files/05_6ba3b73b-9bce-40cf-b0f7-32db17dcb35c.jpg?v=1769691166,7,Calvium Core | Ivory Cream,,,,,,,,,,,,,,,
calvium-nexus-champagne,Calvium Nexus | Champagne,"<p>The Calvium Nexus Structured Handbag is designed for women who appreciate timeless elegance, refined style, and everyday functionality. Its structured silhouette, textured finish, polished metal closure, and graceful top handles create a sophisticated look that transitions effortlessly from office hours to shopping, brunches, travel, and special occasions. The spacious, organized interior provides room for daily essentials, while the detachable shoulder strap offers versatile carrying options. Protective metal feet help keep the bag elevated when placed down. Available in Beige, Sage Green, and Tan, the Nexus brings together modern sophistication and practical design for a truly polished everyday companion.</p>
<h3>Dimensions</h3>
<ul><li><strong>height:</strong> 24cm</li><li><strong>width:</strong> 29cm</li><li><strong>base:</strong> 6cm</li></ul>",Calvium,"Apparel & Accessories > Handbags, Wallets & Cases > Handbags > Cross Body Bags",Structured Handbag,"Work Ready, Structured Handbag, New Arrivals, Color: Champagne, color-group:nexus, color:champagne",true,,,product.metafields.shopify.color-pattern,,,,,,,,0.0,shopify,15,deny,manual,4800.00,,true,true,,,,,,https://cdn.shopify.com/s/files/1/0958/3106/4948/files/01_74a5b6b7-7647-4ff0-97cf-f935efc438ff.jpg?v=1769684031,1,Calvium Nexus | Champagne,false,,,,,,,,beige; sage-green; tan,,https://cdn.shopify.com/s/files/1/0958/3106/4948/files/01_74a5b6b7-7647-4ff0-97cf-f935efc438ff.jpg?v=1769684031,kg,,,active
calvium-nexus-champagne,,,,,,,,,,,,,,,,,,,,,,,,,,,,,,,,https://cdn.shopify.com/s/files/1/0958/3106/4948/files/02_a1e874ae-bcdc-41a8-ba92-0fe714cb3617.jpg?v=1769684056,2,Calvium Nexus | Champagne,,,,,,,,,,,,,,,
calvium-nexus-champagne,,,,,,,,,,,,,,,,,,,,,,,,,,,,,,,,https://cdn.shopify.com/s/files/1/0958/3106/4948/files/03_2183d020-662e-4590-a4ff-b57dd3e1e12c.jpg?v=1769684056,3,Calvium Nexus | Champagne,,,,,,,,,,,,,,,
calvium-nexus-champagne,,,,,,,,,,,,,,,,,,,,,,,,,,,,,,,,https://cdn.shopify.com/s/files/1/0958/3106/4948/files/04_3894122b-841d-4647-b2a9-a054f92a5571.jpg?v=1769684056,4,Calvium Nexus | Champagne,,,,,,,,,,,,,,,
calvium-nexus-champagne,,,,,,,,,,,,,,,,,,,,,,,,,,,,,,,,https://cdn.shopify.com/s/files/1/0958/3106/4948/files/05_8330f432-c3b2-418b-983b-c82c78a7a11c.jpg?v=1769684056,5,Calvium Nexus | Champagne,,,,,,,,,,,,,,,
calvium-nexus-morning-sage,Calvium Nexus | Morning Sage,"<p>The Calvium Nexus Structured Handbag is designed for women who appreciate timeless elegance, refined style, and everyday functionality. Its structured silhouette, textured finish, polished metal closure, and graceful top handles create a sophisticated look that transitions effortlessly from office hours to shopping, brunches, travel, and special occasions. The spacious, organized interior provides room for daily essentials, while the detachable shoulder strap offers versatile carrying options. Protective metal feet help keep the bag elevated when placed down. Available in Beige, Sage Green, and Tan, the Nexus brings together modern sophistication and practical design for a truly polished everyday companion.</p>
<h3>Dimensions</h3>
<ul><li><strong>height:</strong> 24cm</li><li><strong>width:</strong> 29cm</li><li><strong>base:</strong> 6cm</li></ul>",,,Structured Handbag,"Work Ready, Structured Handbag, New Arrivals, Color: Morning Sage, color-group:nexus, color:morning-sage",,,,,,,,,,,,0.0,shopify,15,deny,manual,4800.00,,true,true,,,,,,https://cdn.shopify.com/s/files/1/0958/3106/4948/files/02_a1e874ae-bcdc-41a8-ba92-0fe714cb3617.jpg?v=1769684056,1,Calvium Nexus | Morning Sage,,,,,,,,,,,https://cdn.shopify.com/s/files/1/0958/3106/4948/files/01_1d13a748-bdc5-4af3-9d0c-f0e0a7fba6cf.jpg?v=1769684224,kg,,,active
calvium-nexus-cognac-tan,Calvium Nexus | Cognac Tan,"<p>The Calvium Nexus Structured Handbag is designed for women who appreciate timeless elegance, refined style, and everyday functionality. Its structured silhouette, textured finish, polished metal closure, and graceful top handles create a sophisticated look that transitions effortlessly from office hours to shopping, brunches, travel, and special occasions. The spacious, organized interior provides room for daily essentials, while the detachable shoulder strap offers versatile carrying options. Protective metal feet help keep the bag elevated when placed down. Available in Beige, Sage Green, and Tan, the Nexus brings together modern sophistication and practical design for a truly polished everyday companion.</p>
<h3>Dimensions</h3>
<ul><li><strong>height:</strong> 24cm</li><li><strong>width:</strong> 29cm</li><li><strong>base:</strong> 6cm</li></ul>",,,Structured Handbag,"Work Ready, Structured Handbag, New Arrivals, Color: Cognac Tan, color-group:nexus, color:cognac-tan",,,,,,,,,,,,0.0,shopify,15,deny,manual,4800.00,,true,true,,,,,,https://cdn.shopify.com/s/files/1/0958/3106/4948/files/01_643de0a8-2c8d-4ea3-bdc9-17d30c785c53.jpg?v=1769690439,1,Calvium Nexus | Cognac Tan,,,,,,,,,,,https://cdn.shopify.com/s/files/1/0958/3106/4948/files/01_643de0a8-2c8d-4ea3-bdc9-17d30c785c53.jpg?v=1769690439,kg,,,active
calvium-nexus-cognac-tan,,,,,,,,,,,,,,,,,,,,,,,,,,,,,,,,https://cdn.shopify.com/s/files/1/0958/3106/4948/files/06_58868453-94fd-4799-ba93-e9bcafdfbc0d.jpg?v=1769690484,2,Calvium Nexus | Cognac Tan,,,,,,,,,,,,,,,
calvium-nexus-cognac-tan,,,,,,,,,,,,,,,,,,,,,,,,,,,,,,,,https://cdn.shopify.com/s/files/1/0958/3106/4948/files/02_63dc3f31-9979-4320-9a37-7ddf8183464d.jpg?v=1769690484,3,Calvium Nexus | Cognac Tan,,,,,,,,,,,,,,,
calvium-nexus-cognac-tan,,,,,,,,,,,,,,,,,,,,,,,,,,,,,,,,https://cdn.shopify.com/s/files/1/0958/3106/4948/files/03_277a23a4-5d0c-45f8-9ee3-b5ac576bd0c2.jpg?v=1769690484,4,Calvium Nexus | Cognac Tan,,,,,,,,,,,,,,,
calvium-nexus-cognac-tan,,,,,,,,,,,,,,,,,,,,,,,,,,,,,,,,https://cdn.shopify.com/s/files/1/0958/3106/4948/files/04_9df703bf-a4e4-468c-9085-28f34ca897b6.jpg?v=1769690484,5,Calvium Nexus | Cognac Tan,,,,,,,,,,,,,,,
calvium-nexus-cognac-tan,,,,,,,,,,,,,,,,,,,,,,,,,,,,,,,,https://cdn.shopify.com/s/files/1/0958/3106/4948/files/05_78e896df-1829-4d0e-a0b7-052ea29ca33b.jpg?v=1769690484,6,Calvium Nexus | Cognac Tan,,,,,,,,,,,,,,,
calvium-meridian-midnight-black,Calvium Meridian | Midnight Black,"<p>The Calvium Meridian Executive Laptop Bag is designed for modern professionals who value sophisticated style, smart organization, and everyday functionality. Its structured silhouette, refined handles, premium metal accents, and clean finish create a confident business aesthetic. The spacious, well-organized interior provides dedicated room for a laptop, documents, phone, accessories, cables, and daily work essentials. Dual handles and a detachable shoulder strap offer versatile carrying options, while the secure zip closure keeps belongings protected. Available in Black and Brown, the Meridian is an ideal companion for office commutes, business meetings, corporate travel, and professionals who carry ambition wherever they go.</p>
<h3>Dimensions</h3>
<ul><li><strong>Height:</strong> 30cm</li><li><strong>Width:</strong> 35cm</li><li><strong>base:</strong> 10cm</li></ul>",Calvium,"Apparel & Accessories > Handbags, Wallets & Cases > Handbags > Cross Body Bags",Executive Laptop Bag,"Work Ready, Executive Laptop Bag, New Arrivals, Color: Midnight Black, color-group:meridian, color:midnight-black",true,,,product.metafields.shopify.color-pattern,,,,,,,,0.0,shopify,15,deny,manual,8800.00,,true,true,,,,,,https://cdn.shopify.com/s/files/1/0958/3106/4948/files/01_f9656642-c3f7-4abe-b33e-bc4ea565599c.jpg?v=1769680929,1,Calvium Meridian | Midnight Black,false,,,,,,,,black; brown,,https://cdn.shopify.com/s/files/1/0958/3106/4948/files/01_f9656642-c3f7-4abe-b33e-bc4ea565599c.jpg?v=1769680929,kg,,,active
calvium-meridian-midnight-black,,,,,,,,,,,,,,,,,,,,,,,,,,,,,,,,https://cdn.shopify.com/s/files/1/0958/3106/4948/files/02_335c7230-fd1f-4106-a90a-ded8fb1e35f3.jpg?v=1769680973,2,Calvium Meridian | Midnight Black,,,,,,,,,,,,,,,
calvium-meridian-midnight-black,,,,,,,,,,,,,,,,,,,,,,,,,,,,,,,,https://cdn.shopify.com/s/files/1/0958/3106/4948/files/03_31d772eb-6c2d-4711-ac87-b30d79656842.jpg?v=1769680973,3,Calvium Meridian | Midnight Black,,,,,,,,,,,,,,,
calvium-meridian-midnight-black,,,,,,,,,,,,,,,,,,,,,,,,,,,,,,,,https://cdn.shopify.com/s/files/1/0958/3106/4948/files/04_d81cb2c3-e023-4361-a371-1f1bbcbc3390.jpg?v=1769680973,4,Calvium Meridian | Midnight Black,,,,,,,,,,,,,,,
calvium-meridian-midnight-black,,,,,,,,,,,,,,,,,,,,,,,,,,,,,,,,https://cdn.shopify.com/s/files/1/0958/3106/4948/files/05_ff285558-5acb-4ed2-9c47-85ce4381b941.jpg?v=1769680973,5,Calvium Meridian | Midnight Black,,,,,,,,,,,,,,,
calvium-meridian-havana-brown,Calvium Meridian | Havana Brown,"<p>The Calvium Meridian Executive Laptop Bag is designed for modern professionals who value sophisticated style, smart organization, and everyday functionality. Its structured silhouette, refined handles, premium metal accents, and clean finish create a confident business aesthetic. The spacious, well-organized interior provides dedicated room for a laptop, documents, phone, accessories, cables, and daily work essentials. Dual handles and a detachable shoulder strap offer versatile carrying options, while the secure zip closure keeps belongings protected. Available in Black and Brown, the Meridian is an ideal companion for office commutes, business meetings, corporate travel, and professionals who carry ambition wherever they go.</p>
<h3>Dimensions</h3>
<ul><li><strong>Height:</strong> 30cm</li><li><strong>Width:</strong> 35cm</li><li><strong>base:</strong> 10cm</li></ul>",,,Executive Laptop Bag,"Work Ready, Executive Laptop Bag, New Arrivals, Color: Havana Brown, color-group:meridian, color:havana-brown",,,,,,,,,,,,0.0,shopify,15,deny,manual,8800.00,,true,true,,,,,,https://cdn.shopify.com/s/files/1/0958/3106/4948/files/01_e627c624-a5c0-4abc-92ef-611bd618a67a.jpg?v=1769683250,1,Calvium Meridian | Havana Brown,,,,,,,,,,,https://cdn.shopify.com/s/files/1/0958/3106/4948/files/01_e627c624-a5c0-4abc-92ef-611bd618a67a.jpg?v=1769683250,kg,,,active
calvium-meridian-havana-brown,,,,,,,,,,,,,,,,,,,,,,,,,,,,,,,,https://cdn.shopify.com/s/files/1/0958/3106/4948/files/02_96003e42-3f03-4b13-9cfc-a9bd7aff9ebe.jpg?v=1769683344,2,Calvium Meridian | Havana Brown,,,,,,,,,,,,,,,
calvium-meridian-havana-brown,,,,,,,,,,,,,,,,,,,,,,,,,,,,,,,,https://cdn.shopify.com/s/files/1/0958/3106/4948/files/03_ac7f5ead-fa94-41d8-932f-e2271d32deff.jpg?v=1769683344,3,Calvium Meridian | Havana Brown,,,,,,,,,,,,,,,
calvium-meridian-havana-brown,,,,,,,,,,,,,,,,,,,,,,,,,,,,,,,,https://cdn.shopify.com/s/files/1/0958/3106/4948/files/04_a652026e-926c-46fd-9001-5888e4857036.jpg?v=1769683344,4,Calvium Meridian | Havana Brown,,,,,,,,,,,,,,,
calvium-meridian-havana-brown,,,,,,,,,,,,,,,,,,,,,,,,,,,,,,,,https://cdn.shopify.com/s/files/1/0958/3106/4948/files/05_08c206b5-988b-4851-8fa4-7c5de71de3f3.jpg?v=1769683344,5,Calvium Meridian | Havana Brown,,,,,,,,,,,,,,,
calvium-meridian-havana-brown,,,,,,,,,,,,,,,,,,,,,,,,,,,,,,,,https://cdn.shopify.com/s/files/1/0958/3106/4948/files/06_4abefc36-cae0-4314-9c24-8c018d542a9f.jpg?v=1769683344,6,Calvium Meridian | Havana Brown,,,,,,,,,,,,,,,
calvium-senator-vanilla-cream,Calvium Senator | Vanilla Cream,"<p dir=""ltr""><span>This elegant, neutral-toned leather sling bag is the perfect blend of style and practicality.</span></p>
<p dir=""ltr""><span>The bag features a distinctive envelope-style flap closure and adjustable straps with stylish buckle detailing on the front. Inside, you'll find a main compartment plus convenient interior slip pockets and a secure zipper pocket for organizing essentials. Ideal for everyday use, it adds a touch of sophisticated polish to your look.</span></p>
<p> </p>
<h3>Dimensions:</h3>
<ul>
<li>Height: 27 cm</li>
<li>Width: 36 cm</li>
<li>Base: 10 cm</li>
</ul>",Calvium,"Apparel & Accessories > Handbags, Wallets & Cases > Handbags > Cross Body Bags",Handbag,"Work Ready, Handbag, New Arrivals, Color: Vanilla Cream, color-group:senator, color:vanilla-cream",true,,,product.metafields.shopify.color-pattern,,,,,,,,0.0,shopify,15,deny,manual,13500.00,,true,true,,,,,,https://cdn.shopify.com/s/files/1/0958/3106/4948/files/01_9c58ac5e-8940-4b41-af78-0ee5f6c5b3f9.jpg?v=1769679258,1,Calvium Senator | Vanilla Cream,false,,,,,,,,beige-off-white; black; brown,,https://cdn.shopify.com/s/files/1/0958/3106/4948/files/01_9c58ac5e-8940-4b41-af78-0ee5f6c5b3f9.jpg?v=1769679258,kg,,,active
calvium-senator-midnight-black,Calvium Senator | Midnight Black,,,,Handbag,"Work Ready, Handbag, New Arrivals, Color: Midnight Black, color-group:senator, color:midnight-black",,,,,,,,,,,,0.0,shopify,15,deny,manual,13500.00,,true,true,,,,,,https://cdn.shopify.com/s/files/1/0958/3106/4948/files/01_65a4f3d0-f480-436e-9d12-1320919962b5.jpg?v=1769679441,1,Calvium Senator | Midnight Black,,,,,,,,,,,https://cdn.shopify.com/s/files/1/0958/3106/4948/files/01_65a4f3d0-f480-436e-9d12-1320919962b5.jpg?v=1769679441,kg,,,active
calvium-senator-midnight-black,,,,,,,,,,,,,,,,,,,,,,,,,,,,,,,,https://cdn.shopify.com/s/files/1/0958/3106/4948/files/02_62b3b6f4-9fcb-43e8-8ebf-fae4874a31f8.jpg?v=1769679473,2,Calvium Senator | Midnight Black,,,,,,,,,,,,,,,
calvium-senator-midnight-black,,,,,,,,,,,,,,,,,,,,,,,,,,,,,,,,https://cdn.shopify.com/s/files/1/0958/3106/4948/files/03_4a712136-bedf-43d4-b937-76a08a7b51c0.jpg?v=1769679473,3,Calvium Senator | Midnight Black,,,,,,,,,,,,,,,
calvium-senator-midnight-black,,,,,,,,,,,,,,,,,,,,,,,,,,,,,,,,https://cdn.shopify.com/s/files/1/0958/3106/4948/files/04_6d7172ed-0543-41db-9415-c591e2bf1d9f.jpg?v=1769679473,4,Calvium Senator | Midnight Black,,,,,,,,,,,,,,,
calvium-senator-midnight-black,,,,,,,,,,,,,,,,,,,,,,,,,,,,,,,,https://cdn.shopify.com/s/files/1/0958/3106/4948/files/05_cc17d9e1-a92f-4ec4-b03c-632cd8942f32.jpg?v=1769679473,5,Calvium Senator | Midnight Black,,,,,,,,,,,,,,,
calvium-senator-midnight-black,,,,,,,,,,,,,,,,,,,,,,,,,,,,,,,,https://cdn.shopify.com/s/files/1/0958/3106/4948/files/06_fe55cb2e-7a31-4406-8ef0-9cefefdf8fc7.jpg?v=1769679473,6,Calvium Senator | Midnight Black,,,,,,,,,,,,,,,
calvium-senator-havana-brown,Calvium Senator | Havana Brown,,,,Handbag,"Work Ready, Handbag, New Arrivals, Color: Havana Brown, color-group:senator, color:havana-brown",,,,,,,,,,,,0.0,shopify,15,deny,manual,13500.00,,true,true,,,,,,https://cdn.shopify.com/s/files/1/0958/3106/4948/files/03_e153e2da-9b5a-47e8-b49e-ce6ec5d15418.jpg?v=1769679294,1,Calvium Senator | Havana Brown,,,,,,,,,,,https://cdn.shopify.com/s/files/1/0958/3106/4948/files/01_3bd6a53d-8c8f-4cf7-b174-d23ae238e543.jpg?v=1769679631,kg,,,active
calvium-senator-havana-brown,,,,,,,,,,,,,,,,,,,,,,,,,,,,,,,,https://cdn.shopify.com/s/files/1/0958/3106/4948/files/01_3bd6a53d-8c8f-4cf7-b174-d23ae238e543.jpg?v=1769679631,2,Calvium Senator | Havana Brown,,,,,,,,,,,,,,,
calvium-senator-havana-brown,,,,,,,,,,,,,,,,,,,,,,,,,,,,,,,,https://cdn.shopify.com/s/files/1/0958/3106/4948/files/02_7e386389-3e16-4e29-93a3-320385d9e319.jpg?v=1769679663,3,Calvium Senator | Havana Brown,,,,,,,,,,,,,,,
calvium-senator-havana-brown,,,,,,,,,,,,,,,,,,,,,,,,,,,,,,,,https://cdn.shopify.com/s/files/1/0958/3106/4948/files/03_b6d1113a-f6e3-4bf4-9af3-393637f97340.jpg?v=1769679663,4,Calvium Senator | Havana Brown,,,,,,,,,,,,,,,
calvium-senator-havana-brown,,,,,,,,,,,,,,,,,,,,,,,,,,,,,,,,https://cdn.shopify.com/s/files/1/0958/3106/4948/files/04_85cbac31-e29d-4c6b-9976-689398c39765.jpg?v=1769679663,5,Calvium Senator | Havana Brown,,,,,,,,,,,,,,,
calvium-senator-havana-brown,,,,,,,,,,,,,,,,,,,,,,,,,,,,,,,,https://cdn.shopify.com/s/files/1/0958/3106/4948/files/05_15f073f2-0652-4283-a563-6ddca13ead3f.jpg?v=1769679663,6,Calvium Senator | Havana Brown,,,,,,,,,,,,,,,
calvium-ratio-olive-field,Calvium Ratio | Olive Field,"<p>he Calvium Ratio Handbag is crafted for women who appreciate sophisticated style with everyday versatility. Its refined silhouette, distinctive belted detailing, elegant handles, and polished accents create a confident look for work, meetings, shopping, travel, and special occasions. Designed with a spacious interior, convenient rear zipper pocket, coordinating wallet, and detachable shoulder strap, it offers flexible carrying and organized storage for daily essentials. Protective metal feet help keep the bag elevated when placed down. Available in Army Green, Black, Blue, Brown, Tan, and Wine, choose your favourite shade and carry timeless elegance wherever you go.</p>
<h3>Dimensions</h3>
<ul><li><strong>Height:</strong> 23cm</li><li><strong>Width:</strong> 31cm</li><li><strong>base:</strong> 10 cm</li></ul>",,,Handbag,"Work Ready, Handbag, New Arrivals, Color: Olive Field, color-group:ratio, color:olive-field",,,,,,,,,,,,0.0,shopify,15,deny,manual,3800.00,,true,true,,,,,,https://cdn.shopify.com/s/files/1/0958/3106/4948/files/03_bc12062f-6501-40fe-8368-99f6e0ab10ac.jpg?v=1769671309,1,Calvium Ratio | Olive Field,,,,,,,,,,,https://cdn.shopify.com/s/files/1/0958/3106/4948/files/01_44c3c38b-8667-4212-a73f-73c2aa51239a.jpg?v=1769671498,kg,,,active
calvium-ratio-midnight-black,Calvium Ratio | Midnight Black,"<p>he Calvium Ratio Handbag is crafted for women who appreciate sophisticated style with everyday versatility. Its refined silhouette, distinctive belted detailing, elegant handles, and polished accents create a confident look for work, meetings, shopping, travel, and special occasions. Designed with a spacious interior, convenient rear zipper pocket, coordinating wallet, and detachable shoulder strap, it offers flexible carrying and organized storage for daily essentials. Protective metal feet help keep the bag elevated when placed down. Available in Army Green, Black, Blue, Brown, Tan, and Wine, choose your favourite shade and carry timeless elegance wherever you go.</p>
<h3>Dimensions</h3>
<ul><li><strong>Height:</strong> 23cm</li><li><strong>Width:</strong> 31cm</li><li><strong>base:</strong> 10 cm</li></ul>",Calvium,"Apparel & Accessories > Handbags, Wallets & Cases > Handbags > Cross Body Bags",Handbag,"Work Ready, Handbag, New Arrivals, Color: Midnight Black, color-group:ratio, color:midnight-black",true,,,product.metafields.shopify.color-pattern,,,,,,,,0.0,shopify,15,deny,manual,3800.00,,true,true,,,,,,https://cdn.shopify.com/s/files/1/0958/3106/4948/files/01_816bf296-97e1-4484-a16e-01bdb79f708a.jpg?v=1769668992,1,Calvium Ratio | Midnight Black,false,,,,,,,,black; brown; army-green; dark-blue; tan; wine,,https://cdn.shopify.com/s/files/1/0958/3106/4948/files/01_816bf296-97e1-4484-a16e-01bdb79f708a.jpg?v=1769668992,kg,,,active
calvium-ratio-midnight-black,,,,,,,,,,,,,,,,,,,,,,,,,,,,,,,,https://cdn.shopify.com/s/files/1/0958/3106/4948/files/02_ef7c2122-3b72-4ace-b7fa-a0eff29a0195.jpg?v=1769671309,2,Calvium Ratio | Midnight Black,,,,,,,,,,,,,,,
calvium-ratio-midnight-black,,,,,,,,,,,,,,,,,,,,,,,,,,,,,,,,https://cdn.shopify.com/s/files/1/0958/3106/4948/files/03_bc12062f-6501-40fe-8368-99f6e0ab10ac.jpg?v=1769671309,3,Calvium Ratio | Midnight Black,,,,,,,,,,,,,,,
calvium-ratio-midnight-black,,,,,,,,,,,,,,,,,,,,,,,,,,,,,,,,https://cdn.shopify.com/s/files/1/0958/3106/4948/files/04_286dd40e-5490-403c-9fa1-5a756d48d041.jpg?v=1769671309,4,Calvium Ratio | Midnight Black,,,,,,,,,,,,,,,
calvium-ratio-midnight-black,,,,,,,,,,,,,,,,,,,,,,,,,,,,,,,,https://cdn.shopify.com/s/files/1/0958/3106/4948/files/05_13f88ae1-3376-4b22-87cf-8968cc5d79c2.jpg?v=1769671309,5,Calvium Ratio | Midnight Black,,,,,,,,,,,,,,,
calvium-ratio-havana-brown,Calvium Ratio | Havana Brown,"<p>he Calvium Ratio Handbag is crafted for women who appreciate sophisticated style with everyday versatility. Its refined silhouette, distinctive belted detailing, elegant handles, and polished accents create a confident look for work, meetings, shopping, travel, and special occasions. Designed with a spacious interior, convenient rear zipper pocket, coordinating wallet, and detachable shoulder strap, it offers flexible carrying and organized storage for daily essentials. Protective metal feet help keep the bag elevated when placed down. Available in Army Green, Black, Blue, Brown, Tan, and Wine, choose your favourite shade and carry timeless elegance wherever you go.</p>
<h3>Dimensions</h3>
<ul><li><strong>Height:</strong> 23cm</li><li><strong>Width:</strong> 31cm</li><li><strong>base:</strong> 10 cm</li></ul>",,,Handbag,"Work Ready, Handbag, New Arrivals, Color: Havana Brown, color-group:ratio, color:havana-brown",,,,,,,,,,,,0.0,shopify,15,deny,manual,3800.00,,true,true,,,,,,https://cdn.shopify.com/s/files/1/0958/3106/4948/files/01_57938c46-d639-45e3-858c-6fa6546c1a94.jpg?v=1769671376,1,Calvium Ratio | Havana Brown,,,,,,,,,,,https://cdn.shopify.com/s/files/1/0958/3106/4948/files/01_57938c46-d639-45e3-858c-6fa6546c1a94.jpg?v=1769671376,kg,,,active
calvium-ratio-havana-brown,,,,,,,,,,,,,,,,,,,,,,,,,,,,,,,,https://cdn.shopify.com/s/files/1/0958/3106/4948/files/02_a5b44c41-fe40-464b-bf97-2b4c093171b5.jpg?v=1769671402,2,Calvium Ratio | Havana Brown,,,,,,,,,,,,,,,
calvium-ratio-havana-brown,,,,,,,,,,,,,,,,,,,,,,,,,,,,,,,,https://cdn.shopify.com/s/files/1/0958/3106/4948/files/03_6e9a4cb8-a1dc-47ce-9006-67839072d7ae.jpg?v=1769671402,3,Calvium Ratio | Havana Brown,,,,,,,,,,,,,,,
calvium-ratio-havana-brown,,,,,,,,,,,,,,,,,,,,,,,,,,,,,,,,https://cdn.shopify.com/s/files/1/0958/3106/4948/files/04_f7783889-f6d8-4a2c-9eb0-76f1a4a7730d.jpg?v=1769671402,4,Calvium Ratio | Havana Brown,,,,,,,,,,,,,,,
calvium-ratio-havana-brown,,,,,,,,,,,,,,,,,,,,,,,,,,,,,,,,https://cdn.shopify.com/s/files/1/0958/3106/4948/files/05_9161a881-584e-444f-bbef-22a8a8be9c86.jpg?v=1769671402,5,Calvium Ratio | Havana Brown,,,,,,,,,,,,,,,
calvium-ratio-navy-dusk,Calvium Ratio | Navy Dusk,"<p>he Calvium Ratio Handbag is crafted for women who appreciate sophisticated style with everyday versatility. Its refined silhouette, distinctive belted detailing, elegant handles, and polished accents create a confident look for work, meetings, shopping, travel, and special occasions. Designed with a spacious interior, convenient rear zipper pocket, coordinating wallet, and detachable shoulder strap, it offers flexible carrying and organized storage for daily essentials. Protective metal feet help keep the bag elevated when placed down. Available in Army Green, Black, Blue, Brown, Tan, and Wine, choose your favourite shade and carry timeless elegance wherever you go.</p>
<h3>Dimensions</h3>
<ul><li><strong>Height:</strong> 23cm</li><li><strong>Width:</strong> 31cm</li><li><strong>base:</strong> 10 cm</li></ul>",,,Handbag,"Work Ready, Handbag, New Arrivals, Color: Navy Dusk, color-group:ratio, color:navy-dusk",,,,,,,,,,,,0.0,shopify,15,deny,manual,3800.00,,true,true,,,,,,https://cdn.shopify.com/s/files/1/0958/3106/4948/files/04_286dd40e-5490-403c-9fa1-5a756d48d041.jpg?v=1769671309,1,Calvium Ratio | Navy Dusk,,,,,,,,,,,https://cdn.shopify.com/s/files/1/0958/3106/4948/files/01_d8ee814e-74a9-40b5-8f37-ffca7cc16d1c.jpg?v=1769671659,kg,,,active
calvium-ratio-cognac-tan,Calvium Ratio | Cognac Tan,"<p>he Calvium Ratio Handbag is crafted for women who appreciate sophisticated style with everyday versatility. Its refined silhouette, distinctive belted detailing, elegant handles, and polished accents create a confident look for work, meetings, shopping, travel, and special occasions. Designed with a spacious interior, convenient rear zipper pocket, coordinating wallet, and detachable shoulder strap, it offers flexible carrying and organized storage for daily essentials. Protective metal feet help keep the bag elevated when placed down. Available in Army Green, Black, Blue, Brown, Tan, and Wine, choose your favourite shade and carry timeless elegance wherever you go.</p>
<h3>Dimensions</h3>
<ul><li><strong>Height:</strong> 23cm</li><li><strong>Width:</strong> 31cm</li><li><strong>base:</strong> 10 cm</li></ul>",,,Handbag,"Work Ready, Handbag, New Arrivals, Color: Cognac Tan, color-group:ratio, color:cognac-tan",,,,,,,,,,,,0.0,shopify,15,deny,manual,3800.00,,true,true,,,,,,https://cdn.shopify.com/s/files/1/0958/3106/4948/files/01_d0d805a2-ac4c-467c-83a9-e75557a064f9.jpg?v=1769672117,1,Calvium Ratio | Cognac Tan,,,,,,,,,,,https://cdn.shopify.com/s/files/1/0958/3106/4948/files/01_d0d805a2-ac4c-467c-83a9-e75557a064f9.jpg?v=1769672117,kg,,,active
calvium-ratio-cognac-tan,,,,,,,,,,,,,,,,,,,,,,,,,,,,,,,,https://cdn.shopify.com/s/files/1/0958/3106/4948/files/02_ff260b50-e4df-4d8c-870e-6bd8e9531ff8.jpg?v=1769672403,2,Calvium Ratio | Cognac Tan,,,,,,,,,,,,,,,
calvium-ratio-cognac-tan,,,,,,,,,,,,,,,,,,,,,,,,,,,,,,,,https://cdn.shopify.com/s/files/1/0958/3106/4948/files/03_ba608e5a-034a-4d07-ad9b-ccdfac7bc0cc.jpg?v=1769672403,3,Calvium Ratio | Cognac Tan,,,,,,,,,,,,,,,
calvium-ratio-cognac-tan,,,,,,,,,,,,,,,,,,,,,,,,,,,,,,,,https://cdn.shopify.com/s/files/1/0958/3106/4948/files/04_3afe4491-6214-433d-b4c2-b09b7624e29d.jpg?v=1769672403,4,Calvium Ratio | Cognac Tan,,,,,,,,,,,,,,,
calvium-ratio-cognac-tan,,,,,,,,,,,,,,,,,,,,,,,,,,,,,,,,https://cdn.shopify.com/s/files/1/0958/3106/4948/files/05_8beb8f27-c2fc-4e42-967f-5b5900227ed4.jpg?v=1769672403,5,Calvium Ratio | Cognac Tan,,,,,,,,,,,,,,,
calvium-ratio-bordeaux,Calvium Ratio | Bordeaux,"<p>he Calvium Ratio Handbag is crafted for women who appreciate sophisticated style with everyday versatility. Its refined silhouette, distinctive belted detailing, elegant handles, and polished accents create a confident look for work, meetings, shopping, travel, and special occasions. Designed with a spacious interior, convenient rear zipper pocket, coordinating wallet, and detachable shoulder strap, it offers flexible carrying and organized storage for daily essentials. Protective metal feet help keep the bag elevated when placed down. Available in Army Green, Black, Blue, Brown, Tan, and Wine, choose your favourite shade and carry timeless elegance wherever you go.</p>
<h3>Dimensions</h3>
<ul><li><strong>Height:</strong> 23cm</li><li><strong>Width:</strong> 31cm</li><li><strong>base:</strong> 10 cm</li></ul>",,,Handbag,"Work Ready, Handbag, New Arrivals, Color: Bordeaux, color-group:ratio, color:bordeaux",,,,,,,,,,,,0.0,shopify,15,deny,manual,3800.00,,true,true,,,,,,https://cdn.shopify.com/s/files/1/0958/3106/4948/files/01_63191546-fe6c-4712-aee9-3fb2f391066d.jpg?v=1769678055,1,Calvium Ratio | Bordeaux,,,,,,,,,,,https://cdn.shopify.com/s/files/1/0958/3106/4948/files/01_63191546-fe6c-4712-aee9-3fb2f391066d.jpg?v=1769678055,kg,,,active
calvium-ratio-bordeaux,,,,,,,,,,,,,,,,,,,,,,,,,,,,,,,,https://cdn.shopify.com/s/files/1/0958/3106/4948/files/02_a8d74f36-6ade-4d4f-b68f-9c712f8d2438.jpg?v=1769678996,2,Calvium Ratio | Bordeaux,,,,,,,,,,,,,,,
calvium-ratio-bordeaux,,,,,,,,,,,,,,,,,,,,,,,,,,,,,,,,https://cdn.shopify.com/s/files/1/0958/3106/4948/files/03_e2697d22-f462-4dc6-836c-7c1dc2a57e65.jpg?v=1769678996,3,Calvium Ratio | Bordeaux,,,,,,,,,,,,,,,
calvium-ratio-bordeaux,,,,,,,,,,,,,,,,,,,,,,,,,,,,,,,,https://cdn.shopify.com/s/files/1/0958/3106/4948/files/04_bc0b196f-3763-4d43-95b2-beac933c4a0b.jpg?v=1769678996,4,Calvium Ratio | Bordeaux,,,,,,,,,,,,,,,
calvium-ratio-bordeaux,,,,,,,,,,,,,,,,,,,,,,,,,,,,,,,,https://cdn.shopify.com/s/files/1/0958/3106/4948/files/05_3e1e44bf-8031-4662-b570-24ebb46c537a.jpg?v=1769678996,5,Calvium Ratio | Bordeaux,,,,,,,,,,,,,,,
calvium-solis-vanilla-cream,Calvium Solis | Vanilla Cream,"<p>The Calvium Solis Shoulder Bag brings effortless elegance to everyday style with its graceful curved silhouette and distinctive scarf detail. Designed for women who appreciate modern sophistication, its spacious interior keeps daily essentials organized while the comfortable shoulder strap makes carrying effortless throughout the day. Refined accents and a clean, versatile design make the Solis an ideal companion for work, shopping, brunch dates, travel, and casual outings. Available in Bottle Green, Beige, Black, Khaki, Red, Tan, and Yellow, each shade offers a unique expression of style. Choose your favourite colour and make every outfit beautifully complete.</p>
<h3>Dimensions</h3>
<ul><li><strong>Height:</strong> 25cm</li><li><strong>width:</strong> 32cm</li></ul>",Calvium,"Apparel & Accessories > Handbags, Wallets & Cases > Handbags > Cross Body Bags",Shoulder Bag,"Everyday Icons, Shoulder Bag, New Arrivals, Color: Vanilla Cream, color-group:solis, color:vanilla-cream",true,,,product.metafields.shopify.color-pattern,,,,,,,,0.0,shopify,15,deny,manual,3200.00,,true,true,,,,,,https://cdn.shopify.com/s/files/1/0958/3106/4948/files/01_2677014d-dedb-4e63-b9a6-7be3608e715b.jpg?v=1769664864,1,Calvium Solis | Vanilla Cream,false,,,,,,,,beige-off-white; black; black-green; khaki; red; tan; yellow,,https://cdn.shopify.com/s/files/1/0958/3106/4948/files/01_2677014d-dedb-4e63-b9a6-7be3608e715b.jpg?v=1769664864,kg,,,active
calvium-solis-midnight-black,Calvium Solis | Midnight Black,"<p>The Calvium Solis Shoulder Bag brings effortless elegance to everyday style with its graceful curved silhouette and distinctive scarf detail. Designed for women who appreciate modern sophistication, its spacious interior keeps daily essentials organized while the comfortable shoulder strap makes carrying effortless throughout the day. Refined accents and a clean, versatile design make the Solis an ideal companion for work, shopping, brunch dates, travel, and casual outings. Available in Bottle Green, Beige, Black, Khaki, Red, Tan, and Yellow, each shade offers a unique expression of style. Choose your favourite colour and make every outfit beautifully complete.</p>
<h3>Dimensions</h3>
<ul><li><strong>Height:</strong> 25cm</li><li><strong>width:</strong> 32cm</li></ul>",,,Shoulder Bag,"Everyday Icons, Shoulder Bag, New Arrivals, Color: Midnight Black, color-group:solis, color:midnight-black",,,,,,,,,,,,0.0,shopify,15,deny,manual,3200.00,,true,true,,,,,,https://cdn.shopify.com/s/files/1/0958/3106/4948/files/01_63f8b092-bc79-4bf2-86a8-4d00c1c55859.jpg?v=1769665060,1,Calvium Solis | Midnight Black,,,,,,,,,,,https://cdn.shopify.com/s/files/1/0958/3106/4948/files/01_63f8b092-bc79-4bf2-86a8-4d00c1c55859.jpg?v=1769665060,kg,,,active
calvium-solis-midnight-black,,,,,,,,,,,,,,,,,,,,,,,,,,,,,,,,https://cdn.shopify.com/s/files/1/0958/3106/4948/files/02_e96afa57-afc4-475d-8d58-4f6a36a9a8b0.jpg?v=1769665147,2,Calvium Solis | Midnight Black,,,,,,,,,,,,,,,
calvium-solis-midnight-black,,,,,,,,,,,,,,,,,,,,,,,,,,,,,,,,https://cdn.shopify.com/s/files/1/0958/3106/4948/files/03_78653f10-b2c8-4986-bf93-0c85266b3ce6.jpg?v=1769665147,3,Calvium Solis | Midnight Black,,,,,,,,,,,,,,,
calvium-solis-midnight-black,,,,,,,,,,,,,,,,,,,,,,,,,,,,,,,,https://cdn.shopify.com/s/files/1/0958/3106/4948/files/04_ae5358b7-c0c1-410b-8c30-30b567dae97d.jpg?v=1769665147,4,Calvium Solis | Midnight Black,,,,,,,,,,,,,,,
calvium-solis-midnight-black,,,,,,,,,,,,,,,,,,,,,,,,,,,,,,,,https://cdn.shopify.com/s/files/1/0958/3106/4948/files/05_9b1a84ac-ec59-4693-b454-fc680de7495e.jpg?v=1769665147,5,Calvium Solis | Midnight Black,,,,,,,,,,,,,,,
calvium-solis-forest-obsidian,Calvium Solis | Forest Obsidian,"<p>The Calvium Solis Shoulder Bag brings effortless elegance to everyday style with its graceful curved silhouette and distinctive scarf detail. Designed for women who appreciate modern sophistication, its spacious interior keeps daily essentials organized while the comfortable shoulder strap makes carrying effortless throughout the day. Refined accents and a clean, versatile design make the Solis an ideal companion for work, shopping, brunch dates, travel, and casual outings. Available in Bottle Green, Beige, Black, Khaki, Red, Tan, and Yellow, each shade offers a unique expression of style. Choose your favourite colour and make every outfit beautifully complete.</p>
<h3>Dimensions</h3>
<ul><li><strong>Height:</strong> 25cm</li><li><strong>width:</strong> 32cm</li></ul>",,,Shoulder Bag,"Everyday Icons, Shoulder Bag, New Arrivals, Color: Forest Obsidian, color-group:solis, color:forest-obsidian",,,,,,,,,,,,0.0,shopify,15,deny,manual,3200.00,,true,true,,,,,,https://cdn.shopify.com/s/files/1/0958/3106/4948/files/01_3875e00d-f4b4-471a-9a3a-2316a85670b5.jpg?v=1769665370,1,Calvium Solis | Forest Obsidian,,,,,,,,,,,https://cdn.shopify.com/s/files/1/0958/3106/4948/files/01_3875e00d-f4b4-471a-9a3a-2316a85670b5.jpg?v=1769665370,kg,,,active
calvium-solis-forest-obsidian,,,,,,,,,,,,,,,,,,,,,,,,,,,,,,,,https://cdn.shopify.com/s/files/1/0958/3106/4948/files/02_a77c897b-ac93-4f06-92dd-c21cbba092fb.jpg?v=1769665485,2,Calvium Solis | Forest Obsidian,,,,,,,,,,,,,,,
calvium-solis-forest-obsidian,,,,,,,,,,,,,,,,,,,,,,,,,,,,,,,,https://cdn.shopify.com/s/files/1/0958/3106/4948/files/03_42b79a0a-2d6c-499d-b79a-16f4608bddfe.jpg?v=1769665485,3,Calvium Solis | Forest Obsidian,,,,,,,,,,,,,,,
calvium-solis-forest-obsidian,,,,,,,,,,,,,,,,,,,,,,,,,,,,,,,,https://cdn.shopify.com/s/files/1/0958/3106/4948/files/04_40ebe7dd-aa80-4dd9-bfb0-c058b7a3e499.jpg?v=1769665486,4,Calvium Solis | Forest Obsidian,,,,,,,,,,,,,,,
calvium-solis-forest-obsidian,,,,,,,,,,,,,,,,,,,,,,,,,,,,,,,,https://cdn.shopify.com/s/files/1/0958/3106/4948/files/05_6939f5a1-01ff-4cde-9a72-e77ba7e3077f.jpg?v=1769665485,5,Calvium Solis | Forest Obsidian,,,,,,,,,,,,,,,
calvium-solis-forest-obsidian,,,,,,,,,,,,,,,,,,,,,,,,,,,,,,,,https://cdn.shopify.com/s/files/1/0958/3106/4948/files/06_651bbecc-5ade-49f5-b0ac-1250dc1b07b0.jpg?v=1769665486,6,Calvium Solis | Forest Obsidian,,,,,,,,,,,,,,,
calvium-solis-golden-khaki,Calvium Solis | Golden Khaki,"<p>The Calvium Solis Shoulder Bag brings effortless elegance to everyday style with its graceful curved silhouette and distinctive scarf detail. Designed for women who appreciate modern sophistication, its spacious interior keeps daily essentials organized while the comfortable shoulder strap makes carrying effortless throughout the day. Refined accents and a clean, versatile design make the Solis an ideal companion for work, shopping, brunch dates, travel, and casual outings. Available in Bottle Green, Beige, Black, Khaki, Red, Tan, and Yellow, each shade offers a unique expression of style. Choose your favourite colour and make every outfit beautifully complete.</p>
<h3>Dimensions</h3>
<ul><li><strong>Height:</strong> 25cm</li><li><strong>width:</strong> 32cm</li></ul>",,,Shoulder Bag,"Everyday Icons, Shoulder Bag, New Arrivals, Color: Golden Khaki, color-group:solis, color:golden-khaki",,,,,,,,,,,,0.0,shopify,15,deny,manual,3200.00,,true,true,,,,,,https://cdn.shopify.com/s/files/1/0958/3106/4948/files/01_101d8baf-32a3-4008-b473-47f7bde96d8b.jpg?v=1769665700,1,Calvium Solis | Golden Khaki,,,,,,,,,,,https://cdn.shopify.com/s/files/1/0958/3106/4948/files/01_101d8baf-32a3-4008-b473-47f7bde96d8b.jpg?v=1769665700,kg,,,active
calvium-solis-golden-khaki,,,,,,,,,,,,,,,,,,,,,,,,,,,,,,,,https://cdn.shopify.com/s/files/1/0958/3106/4948/files/01_900a4e2e-ac6e-4c88-a9ce-a2a496fb18d5.jpg?v=1769665862,2,Calvium Solis | Golden Khaki,,,,,,,,,,,,,,,
calvium-solis-golden-khaki,,,,,,,,,,,,,,,,,,,,,,,,,,,,,,,,https://cdn.shopify.com/s/files/1/0958/3106/4948/files/05_8cacf813-1ffc-4895-922c-30d60c2339c7.jpg?v=1769666213,3,Calvium Solis | Golden Khaki,,,,,,,,,,,,,,,
calvium-solis-golden-khaki,,,,,,,,,,,,,,,,,,,,,,,,,,,,,,,,https://cdn.shopify.com/s/files/1/0958/3106/4948/files/02_8731c5de-b10c-4ad5-83d9-1230f46270c6.jpg?v=1769666213,4,Calvium Solis | Golden Khaki,,,,,,,,,,,,,,,
calvium-solis-golden-khaki,,,,,,,,,,,,,,,,,,,,,,,,,,,,,,,,https://cdn.shopify.com/s/files/1/0958/3106/4948/files/03_7228bb98-1ea3-4e82-8203-e5e057a6ac41.jpg?v=1769666213,5,Calvium Solis | Golden Khaki,,,,,,,,,,,,,,,
calvium-solis-golden-khaki,,,,,,,,,,,,,,,,,,,,,,,,,,,,,,,,https://cdn.shopify.com/s/files/1/0958/3106/4948/files/04_cd7e1f50-8997-4942-8cff-63c63a4e187a.jpg?v=1769666213,6,Calvium Solis | Golden Khaki,,,,,,,,,,,,,,,
calvium-solis-crimson,Calvium Solis | Crimson,"<p>The Calvium Solis Shoulder Bag brings effortless elegance to everyday style with its graceful curved silhouette and distinctive scarf detail. Designed for women who appreciate modern sophistication, its spacious interior keeps daily essentials organized while the comfortable shoulder strap makes carrying effortless throughout the day. Refined accents and a clean, versatile design make the Solis an ideal companion for work, shopping, brunch dates, travel, and casual outings. Available in Bottle Green, Beige, Black, Khaki, Red, Tan, and Yellow, each shade offers a unique expression of style. Choose your favourite colour and make every outfit beautifully complete.</p>
<h3>Dimensions</h3>
<ul><li><strong>Height:</strong> 25cm</li><li><strong>width:</strong> 32cm</li></ul>",,,Shoulder Bag,"Everyday Icons, Shoulder Bag, New Arrivals, Color: Crimson, color-group:solis, color:crimson",,,,,,,,,,,,0.0,shopify,15,deny,manual,3200.00,,true,true,,,,,,https://cdn.shopify.com/s/files/1/0958/3106/4948/files/01_7a0cba64-0b98-478e-a547-4788eb32cbe7.jpg?v=1769667660,1,Calvium Solis | Crimson,,,,,,,,,,,https://cdn.shopify.com/s/files/1/0958/3106/4948/files/01_7a0cba64-0b98-478e-a547-4788eb32cbe7.jpg?v=1769667660,kg,,,active
calvium-solis-crimson,,,,,,,,,,,,,,,,,,,,,,,,,,,,,,,,https://cdn.shopify.com/s/files/1/0958/3106/4948/files/02_98cc925b-8014-4abc-a7f5-81ce1d4688fd.jpg?v=1769667779,2,Calvium Solis | Crimson,,,,,,,,,,,,,,,
calvium-solis-crimson,,,,,,,,,,,,,,,,,,,,,,,,,,,,,,,,https://cdn.shopify.com/s/files/1/0958/3106/4948/files/03_3c45cd32-a78f-4f10-8223-7ffef9029a2f.jpg?v=1769667779,3,Calvium Solis | Crimson,,,,,,,,,,,,,,,
calvium-solis-crimson,,,,,,,,,,,,,,,,,,,,,,,,,,,,,,,,https://cdn.shopify.com/s/files/1/0958/3106/4948/files/04_de04a414-2f02-45da-b2ce-37176ede074a.jpg?v=1769667780,4,Calvium Solis | Crimson,,,,,,,,,,,,,,,
calvium-solis-crimson,,,,,,,,,,,,,,,,,,,,,,,,,,,,,,,,https://cdn.shopify.com/s/files/1/0958/3106/4948/files/05_c85cef94-80b6-43ae-8f87-677784e1a3cd.jpg?v=1769667780,5,Calvium Solis | Crimson,,,,,,,,,,,,,,,
calvium-solis-crimson,,,,,,,,,,,,,,,,,,,,,,,,,,,,,,,,https://cdn.shopify.com/s/files/1/0958/3106/4948/files/06_57dfec59-e054-4c00-a884-b832836ebb2d.jpg?v=1769667779,6,Calvium Solis | Crimson,,,,,,,,,,,,,,,
calvium-solis-cognac-tan,Calvium Solis | Cognac Tan,"<p>The Calvium Solis Shoulder Bag brings effortless elegance to everyday style with its graceful curved silhouette and distinctive scarf detail. Designed for women who appreciate modern sophistication, its spacious interior keeps daily essentials organized while the comfortable shoulder strap makes carrying effortless throughout the day. Refined accents and a clean, versatile design make the Solis an ideal companion for work, shopping, brunch dates, travel, and casual outings. Available in Bottle Green, Beige, Black, Khaki, Red, Tan, and Yellow, each shade offers a unique expression of style. Choose your favourite colour and make every outfit beautifully complete.</p>
<h3>Dimensions</h3>
<ul><li><strong>Height:</strong> 25cm</li><li><strong>width:</strong> 32cm</li></ul>",,,Shoulder Bag,"Everyday Icons, Shoulder Bag, New Arrivals, Color: Cognac Tan, color-group:solis, color:cognac-tan",,,,,,,,,,,,0.0,shopify,15,deny,manual,3200.00,,true,true,,,,,,https://cdn.shopify.com/s/files/1/0958/3106/4948/files/01_fdf57bdc-63dc-47a1-ba6f-66384e62da54.jpg?v=1769667898,1,Calvium Solis | Cognac Tan,,,,,,,,,,,https://cdn.shopify.com/s/files/1/0958/3106/4948/files/01_fdf57bdc-63dc-47a1-ba6f-66384e62da54.jpg?v=1769667898,kg,,,active
calvium-solis-cognac-tan,,,,,,,,,,,,,,,,,,,,,,,,,,,,,,,,https://cdn.shopify.com/s/files/1/0958/3106/4948/files/02_512174b0-e297-439a-a025-38fa6d4c0d92.jpg?v=1769667964,2,Calvium Solis | Cognac Tan,,,,,,,,,,,,,,,
calvium-solis-cognac-tan,,,,,,,,,,,,,,,,,,,,,,,,,,,,,,,,https://cdn.shopify.com/s/files/1/0958/3106/4948/files/03_071ca80f-fe52-425c-bfb7-8a7b93639653.jpg?v=1769667964,3,Calvium Solis | Cognac Tan,,,,,,,,,,,,,,,
calvium-solis-cognac-tan,,,,,,,,,,,,,,,,,,,,,,,,,,,,,,,,https://cdn.shopify.com/s/files/1/0958/3106/4948/files/04_39fc5fb3-4636-46a0-987b-f9eba0477327.jpg?v=1769667964,4,Calvium Solis | Cognac Tan,,,,,,,,,,,,,,,
calvium-solis-cognac-tan,,,,,,,,,,,,,,,,,,,,,,,,,,,,,,,,https://cdn.shopify.com/s/files/1/0958/3106/4948/files/05_d6c446fc-65b7-4256-bdf0-d7bc37ef381a.jpg?v=1769667964,5,Calvium Solis | Cognac Tan,,,,,,,,,,,,,,,
calvium-solis-saffron,Calvium Solis | Saffron,"<p>The Calvium Solis Shoulder Bag brings effortless elegance to everyday style with its graceful curved silhouette and distinctive scarf detail. Designed for women who appreciate modern sophistication, its spacious interior keeps daily essentials organized while the comfortable shoulder strap makes carrying effortless throughout the day. Refined accents and a clean, versatile design make the Solis an ideal companion for work, shopping, brunch dates, travel, and casual outings. Available in Bottle Green, Beige, Black, Khaki, Red, Tan, and Yellow, each shade offers a unique expression of style. Choose your favourite colour and make every outfit beautifully complete.</p>
<h3>Dimensions</h3>
<ul><li><strong>Height:</strong> 25cm</li><li><strong>width:</strong> 32cm</li></ul>",,,Shoulder Bag,"Everyday Icons, Shoulder Bag, New Arrivals, Color: Saffron, color-group:solis, color:saffron",,,,,,,,,,,,0.0,shopify,15,deny,manual,3200.00,,true,true,,,,,,https://cdn.shopify.com/s/files/1/0958/3106/4948/files/01_066749b4-022b-45b4-a9d9-d225ccf51f5c.jpg?v=1769668054,1,Calvium Solis | Saffron,,,,,,,,,,,https://cdn.shopify.com/s/files/1/0958/3106/4948/files/01_066749b4-022b-45b4-a9d9-d225ccf51f5c.jpg?v=1769668054,kg,,,active
calvium-solis-saffron,,,,,,,,,,,,,,,,,,,,,,,,,,,,,,,,https://cdn.shopify.com/s/files/1/0958/3106/4948/files/03_92e304e8-a7d1-453e-8a39-41297ca5fdf2.jpg?v=1769668141,2,Calvium Solis | Saffron,,,,,,,,,,,,,,,
calvium-solis-saffron,,,,,,,,,,,,,,,,,,,,,,,,,,,,,,,,https://cdn.shopify.com/s/files/1/0958/3106/4948/files/04_989587a1-31f7-48bd-818d-dbfe96a4b1a7.jpg?v=1769668142,3,Calvium Solis | Saffron,,,,,,,,,,,,,,,
calvium-solis-saffron,,,,,,,,,,,,,,,,,,,,,,,,,,,,,,,,https://cdn.shopify.com/s/files/1/0958/3106/4948/files/05_396d3689-ccd1-4f03-a88d-cdc6c88c05cb.jpg?v=1769668141,4,Calvium Solis | Saffron,,,,,,,,,,,,,,,
calvium-nova-vanilla-cream,Calvium Nova | Vanilla Cream,"<p>The Calvium Nova Shoulder Bag is designed for women who value timeless style, elegance, and everyday versatility. Its refined silhouette, graceful flap design, contrasting strap details, and polished metal accents create a sophisticated look for work, shopping, travel, and casual outings. The spacious design provides room for your daily essentials, while the coordinating inner pouch helps keep smaller belongings organized. Comfortable to carry and easy to style, the Nova effortlessly complements both modern and classic wardrobes. Available in Beige, Black, Brown, Coffee, Light Grey, and Dark Grey, choose your favourite shade and make everyday elegance uniquely yours.</p>
<h3>Dimensions</h3>
<ul><li><strong>Height:</strong> 27cm</li>Width - 36cm Base - 10cm</ul>",Calvium,"Apparel & Accessories > Handbags, Wallets & Cases > Handbags > Cross Body Bags",Shoulder Bag,"Everyday Icons, Shoulder Bag, New Arrivals, Color: Vanilla Cream, color-group:nova, color:vanilla-cream",true,,,product.metafields.shopify.color-pattern,,,,,,,,0.0,shopify,15,deny,manual,3200.00,,true,true,,,,,,https://cdn.shopify.com/s/files/1/0958/3106/4948/files/01_f7a3ec7f-b300-4415-ba44-61d00d8ffc84.jpg?v=1769065892,1,Calvium Nova | Vanilla Cream,false,,,,,,,,beige-off-white; black; brown; coffee; dark-grey; light-grey,,https://cdn.shopify.com/s/files/1/0958/3106/4948/files/01_f7a3ec7f-b300-4415-ba44-61d00d8ffc84.jpg?v=1769065892,kg,,,active
calvium-nova-midnight-black,Calvium Nova | Midnight Black,"<p>The Calvium Nova Shoulder Bag is designed for women who value timeless style, elegance, and everyday versatility. Its refined silhouette, graceful flap design, contrasting strap details, and polished metal accents create a sophisticated look for work, shopping, travel, and casual outings. The spacious design provides room for your daily essentials, while the coordinating inner pouch helps keep smaller belongings organized. Comfortable to carry and easy to style, the Nova effortlessly complements both modern and classic wardrobes. Available in Beige, Black, Brown, Coffee, Light Grey, and Dark Grey, choose your favourite shade and make everyday elegance uniquely yours.</p>
<h3>Dimensions</h3>
<ul><li><strong>Height:</strong> 27cm</li>Width - 36cm Base - 10cm</ul>",,,Shoulder Bag,"Everyday Icons, Shoulder Bag, New Arrivals, Color: Midnight Black, color-group:nova, color:midnight-black",,,,,,,,,,,,0.0,shopify,15,deny,manual,3200.00,,true,true,,,,,,https://cdn.shopify.com/s/files/1/0958/3106/4948/files/01_771d94e4-831b-4b43-9057-c692dadf41cd.jpg?v=1769067304,1,Calvium Nova | Midnight Black,,,,,,,,,,,https://cdn.shopify.com/s/files/1/0958/3106/4948/files/01_21852524-a93f-43b2-8ec6-f4ae36bb7d63.jpg?v=1769067635,kg,,,active
calvium-nova-midnight-black,,,,,,,,,,,,,,,,,,,,,,,,,,,,,,,,https://cdn.shopify.com/s/files/1/0958/3106/4948/files/02_210126b1-1a9d-43fc-8d33-cf78363f6d62.jpg?v=1769067304,2,Calvium Nova | Midnight Black,,,,,,,,,,,,,,,
calvium-nova-midnight-black,,,,,,,,,,,,,,,,,,,,,,,,,,,,,,,,https://cdn.shopify.com/s/files/1/0958/3106/4948/files/03_b22cec20-87f7-449f-ae16-040199d25832.jpg?v=1769067304,3,Calvium Nova | Midnight Black,,,,,,,,,,,,,,,
calvium-nova-midnight-black,,,,,,,,,,,,,,,,,,,,,,,,,,,,,,,,https://cdn.shopify.com/s/files/1/0958/3106/4948/files/04_75ee32d6-2188-4573-a647-5753b9ed430b.jpg?v=1769067304,4,Calvium Nova | Midnight Black,,,,,,,,,,,,,,,
calvium-nova-midnight-black,,,,,,,,,,,,,,,,,,,,,,,,,,,,,,,,https://cdn.shopify.com/s/files/1/0958/3106/4948/files/05_17d56006-adf4-4a12-82c9-53207b874e51.jpg?v=1769067304,5,Calvium Nova | Midnight Black,,,,,,,,,,,,,,,
calvium-nova-midnight-black,,,,,,,,,,,,,,,,,,,,,,,,,,,,,,,,https://cdn.shopify.com/s/files/1/0958/3106/4948/files/06_22e37ef7-e2e4-49e4-b5ba-e07893ea890f.jpg?v=1769067304,6,Calvium Nova | Midnight Black,,,,,,,,,,,,,,,
calvium-nova-midnight-black,,,,,,,,,,,,,,,,,,,,,,,,,,,,,,,,https://cdn.shopify.com/s/files/1/0958/3106/4948/files/07_6dddc0df-f879-42e7-b336-2186ff484153.jpg?v=1769067303,7,Calvium Nova | Midnight Black,,,,,,,,,,,,,,,
calvium-nova-midnight-black,,,,,,,,,,,,,,,,,,,,,,,,,,,,,,,,https://cdn.shopify.com/s/files/1/0958/3106/4948/files/08_3766ed3e-cd91-4516-abbf-651360fe89da.jpg?v=1769067305,8,Calvium Nova | Midnight Black,,,,,,,,,,,,,,,
calvium-nova-midnight-black,,,,,,,,,,,,,,,,,,,,,,,,,,,,,,,,https://cdn.shopify.com/s/files/1/0958/3106/4948/files/09_700a7cd4-0791-4afb-850b-6bfb5eac0731.jpg?v=1769067305,9,Calvium Nova | Midnight Black,,,,,,,,,,,,,,,
calvium-nova-midnight-black,,,,,,,,,,,,,,,,,,,,,,,,,,,,,,,,https://cdn.shopify.com/s/files/1/0958/3106/4948/files/01_21852524-a93f-43b2-8ec6-f4ae36bb7d63.jpg?v=1769067635,10,Calvium Nova | Midnight Black,,,,,,,,,,,,,,,
calvium-nova-havana-brown,Calvium Nova | Havana Brown,"<p>The Calvium Nova Shoulder Bag is designed for women who value timeless style, elegance, and everyday versatility. Its refined silhouette, graceful flap design, contrasting strap details, and polished metal accents create a sophisticated look for work, shopping, travel, and casual outings. The spacious design provides room for your daily essentials, while the coordinating inner pouch helps keep smaller belongings organized. Comfortable to carry and easy to style, the Nova effortlessly complements both modern and classic wardrobes. Available in Beige, Black, Brown, Coffee, Light Grey, and Dark Grey, choose your favourite shade and make everyday elegance uniquely yours.</p>
<h3>Dimensions</h3>
<ul><li><strong>Height:</strong> 27cm</li>Width - 36cm Base - 10cm</ul>",,,Shoulder Bag,"Everyday Icons, Shoulder Bag, New Arrivals, Color: Havana Brown, color-group:nova, color:havana-brown",,,,,,,,,,,,0.0,shopify,15,deny,manual,3200.00,,true,true,,,,,,https://cdn.shopify.com/s/files/1/0958/3106/4948/files/02_7d2f6256-af59-494b-a5a4-1e1da8340a3c.jpg?v=1769066484,1,Calvium Nova | Havana Brown,,,,,,,,,,,https://cdn.shopify.com/s/files/1/0958/3106/4948/files/01_a797a3f0-c79c-427c-a362-ce435b26edfd.jpg?v=1769066989,kg,,,active
calvium-nova-havana-brown,,,,,,,,,,,,,,,,,,,,,,,,,,,,,,,,https://cdn.shopify.com/s/files/1/0958/3106/4948/files/03_b29b9d56-f9e4-4d41-baee-865c23844cd3.jpg?v=1769066485,2,Calvium Nova | Havana Brown,,,,,,,,,,,,,,,
calvium-nova-havana-brown,,,,,,,,,,,,,,,,,,,,,,,,,,,,,,,,https://cdn.shopify.com/s/files/1/0958/3106/4948/files/04_4ffd8bd4-0dea-4d98-b3dc-d6b812acd293.jpg?v=1769066485,3,Calvium Nova | Havana Brown,,,,,,,,,,,,,,,
calvium-nova-havana-brown,,,,,,,,,,,,,,,,,,,,,,,,,,,,,,,,https://cdn.shopify.com/s/files/1/0958/3106/4948/files/05_a1a5257c-2624-49f8-b485-ef3eb79dffcd.jpg?v=1769066485,4,Calvium Nova | Havana Brown,,,,,,,,,,,,,,,
calvium-nova-havana-brown,,,,,,,,,,,,,,,,,,,,,,,,,,,,,,,,https://cdn.shopify.com/s/files/1/0958/3106/4948/files/06_15a5af29-b814-432e-b257-0784a6bb516d.jpg?v=1769066485,5,Calvium Nova | Havana Brown,,,,,,,,,,,,,,,
calvium-nova-havana-brown,,,,,,,,,,,,,,,,,,,,,,,,,,,,,,,,https://cdn.shopify.com/s/files/1/0958/3106/4948/files/07_3f3b03ec-2d75-4cda-ad1a-bc375cb6e334.jpg?v=1769066485,6,Calvium Nova | Havana Brown,,,,,,,,,,,,,,,
calvium-nova-havana-brown,,,,,,,,,,,,,,,,,,,,,,,,,,,,,,,,https://cdn.shopify.com/s/files/1/0958/3106/4948/files/01_a797a3f0-c79c-427c-a362-ce435b26edfd.jpg?v=1769066989,7,Calvium Nova | Havana Brown,,,,,,,,,,,,,,,
calvium-nova-espresso,Calvium Nova | Espresso,"<p>The Calvium Nova Shoulder Bag is designed for women who value timeless style, elegance, and everyday versatility. Its refined silhouette, graceful flap design, contrasting strap details, and polished metal accents create a sophisticated look for work, shopping, travel, and casual outings. The spacious design provides room for your daily essentials, while the coordinating inner pouch helps keep smaller belongings organized. Comfortable to carry and easy to style, the Nova effortlessly complements both modern and classic wardrobes. Available in Beige, Black, Brown, Coffee, Light Grey, and Dark Grey, choose your favourite shade and make everyday elegance uniquely yours.</p>
<h3>Dimensions</h3>
<ul><li><strong>Height:</strong> 27cm</li>Width - 36cm Base - 10cm</ul>",,,Shoulder Bag,"Everyday Icons, Shoulder Bag, New Arrivals, Color: Espresso, color-group:nova, color:espresso",,,,,,,,,,,,0.0,shopify,15,deny,manual,3200.00,,true,true,,,,,,https://cdn.shopify.com/s/files/1/0958/3106/4948/files/02_2233345b-e022-4b44-94e7-f225ee3db033.jpg?v=1769516777,1,Calvium Nova | Espresso,,,,,,,,,,,https://cdn.shopify.com/s/files/1/0958/3106/4948/files/02_2233345b-e022-4b44-94e7-f225ee3db033.jpg?v=1769516777,kg,,,active
calvium-nova-espresso,,,,,,,,,,,,,,,,,,,,,,,,,,,,,,,,https://cdn.shopify.com/s/files/1/0958/3106/4948/files/01_837c53c0-8903-4463-8613-1f2f61e6a108.jpg?v=1769516997,2,Calvium Nova | Espresso,,,,,,,,,,,,,,,
calvium-nova-espresso,,,,,,,,,,,,,,,,,,,,,,,,,,,,,,,,https://cdn.shopify.com/s/files/1/0958/3106/4948/files/03_d0848689-0975-4186-afea-acc118fcb330.jpg?v=1769516997,3,Calvium Nova | Espresso,,,,,,,,,,,,,,,
calvium-nova-espresso,,,,,,,,,,,,,,,,,,,,,,,,,,,,,,,,https://cdn.shopify.com/s/files/1/0958/3106/4948/files/04_d80c60fd-4c12-4b1f-9068-358d48c2bf68.jpg?v=1769516997,4,Calvium Nova | Espresso,,,,,,,,,,,,,,,
calvium-nova-espresso,,,,,,,,,,,,,,,,,,,,,,,,,,,,,,,,https://cdn.shopify.com/s/files/1/0958/3106/4948/files/05_06da296e-4fbf-4e75-8d2e-00a0a03da5c3.jpg?v=1769516997,5,Calvium Nova | Espresso,,,,,,,,,,,,,,,
calvium-nova-espresso,,,,,,,,,,,,,,,,,,,,,,,,,,,,,,,,https://cdn.shopify.com/s/files/1/0958/3106/4948/files/06_adb7c1bc-ae9e-4beb-a203-485314912741.jpg?v=1769516997,6,Calvium Nova | Espresso,,,,,,,,,,,,,,,
calvium-nova-espresso,,,,,,,,,,,,,,,,,,,,,,,,,,,,,,,,https://cdn.shopify.com/s/files/1/0958/3106/4948/files/07_016fece6-eeed-4c14-ae12-86c109e99c04.jpg?v=1769516997,7,Calvium Nova | Espresso,,,,,,,,,,,,,,,
calvium-nova-slate,Calvium Nova | Slate,"<p>The Calvium Nova Shoulder Bag is designed for women who value timeless style, elegance, and everyday versatility. Its refined silhouette, graceful flap design, contrasting strap details, and polished metal accents create a sophisticated look for work, shopping, travel, and casual outings. The spacious design provides room for your daily essentials, while the coordinating inner pouch helps keep smaller belongings organized. Comfortable to carry and easy to style, the Nova effortlessly complements both modern and classic wardrobes. Available in Beige, Black, Brown, Coffee, Light Grey, and Dark Grey, choose your favourite shade and make everyday elegance uniquely yours.</p>
<h3>Dimensions</h3>
<ul><li><strong>Height:</strong> 27cm</li>Width - 36cm Base - 10cm</ul>",,,Shoulder Bag,"Everyday Icons, Shoulder Bag, New Arrivals, Color: Slate, color-group:nova, color:slate",,,,,,,,,,,,0.0,shopify,15,deny,manual,3200.00,,true,true,,,,,,https://cdn.shopify.com/s/files/1/0958/3106/4948/files/05_a1a5257c-2624-49f8-b485-ef3eb79dffcd.jpg?v=1769066485,1,Calvium Nova | Slate,,,,,,,,,,,https://cdn.shopify.com/s/files/1/0958/3106/4948/files/02_d629b74a-acc9-41d6-ba96-be827a9f3caf.jpg?v=1769517212,kg,,,active
calvium-nova-pearl-grey,Calvium Nova | Pearl Grey,"<p>The Calvium Nova Shoulder Bag is designed for women who value timeless style, elegance, and everyday versatility. Its refined silhouette, graceful flap design, contrasting strap details, and polished metal accents create a sophisticated look for work, shopping, travel, and casual outings. The spacious design provides room for your daily essentials, while the coordinating inner pouch helps keep smaller belongings organized. Comfortable to carry and easy to style, the Nova effortlessly complements both modern and classic wardrobes. Available in Beige, Black, Brown, Coffee, Light Grey, and Dark Grey, choose your favourite shade and make everyday elegance uniquely yours.</p>
<h3>Dimensions</h3>
<ul><li><strong>Height:</strong> 27cm</li>Width - 36cm Base - 10cm</ul>",,,Shoulder Bag,"Everyday Icons, Shoulder Bag, New Arrivals, Color: Pearl Grey, color-group:nova, color:pearl-grey",,,,,,,,,,,,0.0,shopify,15,deny,manual,3200.00,,true,true,,,,,,https://cdn.shopify.com/s/files/1/0958/3106/4948/files/06_15a5af29-b814-432e-b257-0784a6bb516d.jpg?v=1769066485,1,Calvium Nova | Pearl Grey,,,,,,,,,,,https://cdn.shopify.com/s/files/1/0958/3106/4948/files/01_61e474a9-11f0-4215-a6ec-2f8f0388951a.jpg?v=1769517722,kg,,,active
